/* DATA DESCRIPTION:
Citation:	Hodell, David A; Charles, Christopher D; Curtis, Jason H; Mortyn, P Graham; Ninnemann, Ulysses S; Venz, Kathryn A (2003): (Table T2) Stable oxygen and carbon isotope ratios of the benthic and planktonic foraminifera, carbonate content, and percent fragmentation of planktonic foraminifers for ODP Site 177-1089 in the Southern Ocean [dataset]. PANGAEA, https://doi.org/10.1594/PANGAEA.218128, 
	In supplement to: Hodell, DA et al. (2003): Data Report: Oxygen isotope stratigraphy of ODP Leg 117 sites 1088, 1089, 1090, 1093, and 1094. In: Gersonde, R; Hodell, DA; Blum, P (eds.) Proceedings of the Ocean Drilling Program, Scientific Results, College Station, TX (Ocean Drilling Program), 177, 1-26, https://doi.org/10.2973/odp.proc.sr.177.120.2003
Project(s):	Ocean Drilling Program (ODP) (URI: https://www-odp.tamu.edu:443/)
Coverage:	LATITUDE: -40.936333 * LONGITUDE: 9.893983
	DATE/TIME START: 1997-12-19T00:00:00 * DATE/TIME END: 1997-12-19T00:00:00
	MINIMUM DEPTH, sediment/rock: -0.19 m * MAXIMUM DEPTH, sediment/rock: 94.94 m
Event(s):	177-1089 * LATITUDE: -40.936333 * LONGITUDE: 9.893983 * DATE/TIME: 1997-12-19T00:00:00 * ELEVATION: -4620.5 m * PENETRATION: 793.6 m * RECOVERY: 675.9 m * LOCATION: South Atlantic Ocean * CAMPAIGN: Leg177 * BASIS: Joides Resolution (URI: https://www-odp.tamu.edu:443/resolutn.html) * METHOD/DEVICE: Composite Core (COMPCORE) * COMMENT: 86 cores; 791.6 m cored; 2 m drilled; 85.4% recovery
Comment:	Depth is modified composite depth (mcd). Stable isotope analyses were conducted at the University of Florida (UF) Hole C, and Scripps Institution of Oceanography (SIO) Hole A and B. Carbonate contenet and fragmentation determined at the Unifersity of Florida (UF).
Parameter(s):	DEPTH, sediment/rock [m] (Depth sed) * GEOCODE
	AGE [ka BP] (Age) * GEOCODE
	Sample code/label (Sample label) * PI: Hodell, David A (https://orcid.org/0000-0001-8537-1588, dah73@cam.ac.uk) * METHOD/DEVICE: DSDP/ODP/IODP sample designation (URI: hdl:10013/epic.27914.d001)
	Globigerina bulloides, δ18O [‰ PDB] (G. bulloides δ18O) * PI: Hodell, David A (https://orcid.org/0000-0001-8537-1588, dah73@cam.ac.uk) * METHOD/DEVICE: Mass spectrometer, Finnigan, MAT 252
	Globigerina bulloides, δ13C [‰ PDB] (G. bulloides δ13C) * PI: Hodell, David A (https://orcid.org/0000-0001-8537-1588, dah73@cam.ac.uk) * METHOD/DEVICE: Mass spectrometer, Finnigan, MAT 252
	Cibicidoides spp., δ18O [‰ PDB] (Cibicidoides spp. δ18O) * PI: Hodell, David A (https://orcid.org/0000-0001-8537-1588, dah73@cam.ac.uk) * METHOD/DEVICE: Mass spectrometer, Finnigan, MAT 252
	Cibicidoides spp., δ13C [‰ PDB] (Cibicidoides spp. δ13C) * PI: Hodell, David A (https://orcid.org/0000-0001-8537-1588, dah73@cam.ac.uk) * METHOD/DEVICE: Mass spectrometer, Finnigan, MAT 252
	Calcium carbonate [%] (CaCO3) * PI: Hodell, David A (https://orcid.org/0000-0001-8537-1588, dah73@cam.ac.uk) * METHOD/DEVICE: Coulometric titration (Knap et al., 1996, IOC Manuals and Guides 29, UNESCO) (URI: hdl:10013/epic.27912.d001)
	Foraminifera, planktic, fragments [%] (Foram plankt fragm) * PI: Hodell, David A (https://orcid.org/0000-0001-8537-1588, dah73@cam.ac.uk)
License:	Creative Commons Attribution 3.0 Unported (CC-BY-3.0) (URI: https://creativecommons.org/licenses/by/3.0/)
Size:	9893 data points
*/
Depth sed [m]	Age [ka BP]	Sample label	G. bulloides δ18O [‰ PDB]	G. bulloides δ13C [‰ PDB]	Cibicidoides spp. δ18O [‰ PDB]	Cibicidoides spp. δ13C [‰ PDB]	CaCO3 [%]	Foram plankt fragm [%]
-0.19	0.55	177-1089A-1-1,5-6.5	2.32	1.48				88.2
-0.14	1.04	177-1089A-1-1,10-11.5					20.0	89.3
-0.09	1.49	177-1089A-1-1,15-16.5					19.6	91.2
-0.04	1.99	177-1089A-1-1,20-21.5					20.4	88.4
0.01	2.48	177-1089A-1-1,25-26.5					22.7	87.4
0.06	2.98	177-1089A-1-1,30-31.5			2.64	0.20	22.6	78.6
0.11	3.48	177-1089A-1-1,35-36.5					24.0	92.7
0.16	3.98	177-1089A-1-1,40-41.5	1.88	1.13	2.68	0.48	25.7	74.0
0.21	4.47	177-1089A-1-1,45-46.5	2.02	1.28			29.3	82.9
0.32	5.52	177-1089A-1-1,55-56.5	1.99	1.05	2.59	0.31	33.8	70.2
0.36	5.96	177-1089A-1-1,58.5-60	2.07	1.22	2.52	0.27	32.8	78.8
0.41	6.46	177-1089A-1-1,65-66.5	2.11	1.32	2.52	0.15	37.9	77.8
0.46	6.96	177-1089A-1-1,70-71.5	2.16	1.15	2.50	0.26	38.8	72.1
0.51	7.45	177-1089A-1-1,74-75.5	2.11	1.22	2.50	0.30	42.4	71.1
0.56	7.95	177-1089A-1-1,80-82	1.98	1.08	2.58	0.18	45.8	61.0
0.61	8.45	177-1089A-1-1,85-86.5	2.07	1.19	2.53	0.25	47.7	60.6
0.66	8.95	177-1089A-1-1,90-91.5	2.10	0.89	2.58	-0.04	46.3	56.2
0.73	9.41	177-1089A-1-1,95-96.5	1.89	1.01	2.57	0.37	46.4	67.8
0.76	9.63	177-1089A-1-1,100-101.5	1.99	0.91	2.60	0.42		
0.82	9.98	177-1089A-1-1,105-106.5	2.07	1.04			53.6	58.0
0.86	10.27	177-1089A-1-1,110-111.5	2.11	0.93	2.59	0.11	54.1	50.9
0.91	10.59	177-1089A-1-1,115-116.5	1.93	0.63	2.66	-0.07	56.4	49.2
0.96	10.91	177-1089A-1-1,120-121.5	2.13	0.57	2.71	-0.36	55.3	48.0
1.01	11.22	177-1089A-1-1,125-126.5	2.05	0.61	2.93	-0.06	57.0	47.8
1.06	11.54	177-1089A-1-1,130-131.5	2.03	0.49	2.69	-0.13	57.8	40.3
1.11	11.86	177-1089A-1-1,135-136.5	2.09	0.56	2.77	0.15	57.0	40.6
1.16	12.18	177-1089A-1-1,140-141.5	2.15	0.43	2.97	-0.14	57.8	34.0
1.21	12.49	177-1089A-1-1,145-146.5	2.15	0.57				21.3
1.26	12.81	177-1089A-1-2,0-1.5	2.30	0.33				
1.32	13.16	177-1089A-1-2,5-6.5	2.00	0.04	3.10	0.02	57.2	23.9
1.37	13.48	177-1089A-1-2,10-11.5	2.29	-0.01	3.15	0.07	61.3	35.0
1.41	13.77	177-1089A-1-2,15-16.5	2.63	0.20	3.29	0.14	60.4	28.4
1.46	14.08	177-1089A-1-2,20-21.5	2.67	0.40			61.8	23.8
1.50	14.34	177-1089A-1-2,25-26.5	2.56	-0.07	3.43	0.01	61.1	25.0
1.57	14.75	177-1089A-1-2,30-31.5	2.60	0.06	3.60	-0.37	59.6	19.5
1.61	15.00	177-1089A-1-2,35-36.5	2.98	0.09	4.04	-0.59	58.8	47.1
1.66	15.21	177-1089A-1-2,40-41.5	2.70	0.21	3.47	-0.57	55.5	14.5
1.71	15.43	177-1089A-1-2,45-46.5	2.69	0.00	3.67	-0.21	52.3	17.7
1.76	15.65	177-1089A-1-2,50-51.5	2.59	-0.01				
1.82	15.89	177-1089A-1-2,55-56.5			3.61	-0.32	48.6	39.1
1.86	16.08	177-1089A-1-2,59-61	2.59	-0.18	3.71	-0.49	50.4	58.7
1.91	16.30	177-1089A-1-2,65-66.5	2.68	-0.01	3.84	-0.86	46.5	41.7
1.95	16.47	177-1089A-1-2,70-71.5	2.91	-0.15	3.72	-0.43	48.8	66.9
2.02	16.76	177-1089A-1-2,75-76.5	2.89	0.11	3.87	-0.80	46.7	42.8
2.06	16.95	177-1089A-1-2,80-81.5	2.68	-0.47	3.93	-0.60	49.1	44.6
2.11	17.17	177-1089A-1-2,85-86.5	2.79	-0.41	4.00	-0.76	47.2	46.7
2.16	17.39	177-1089A-1-2,90-91.5	3.02	0.08	4.08	-0.66	46.8	49.5
2.23	17.67	177-1089A-1-2,95-96.5	2.99	-0.15	4.17	-0.78	46.7	52.0
2.26	17.82	177-1089A-1-2,99-100.5	3.29	0.45				
2.32	18.06	177-1089A-1-2,105-106.5	3.26	0.52	4.23	-0.62	47.9	49.0
2.36	18.26	177-1089A-1-2,110-111.5	3.27	0.15	4.22	-1.05	49.0	36.6
2.41	18.47	177-1089A-1-2,115-116.5	3.26	0.22	4.26	-0.81	50.0	34.5
2.46	18.69	177-1089A-1-2,120-121.5	3.16	0.12	4.19	-0.75	48.9	44.7
2.51	18.90	177-1089A-1-2,125-126.5	3.44	0.20	4.24	-1.15	50.1	37.8
2.56	19.04	177-1089A-1-2,130-131.5	3.11	-0.01	4.14	-1.00	47.5	24.8
2.61	19.18	177-1089A-1-2,135-136.5	3.35	0.15	4.27	-0.90	45.3	32.4
2.66	19.32	177-1089A-1-2,140-141.5	3.10	0.26	4.21	-1.06	46.3	28.1
2.71	19.46	177-1089A-1-2,145-146.5	3.38	0.39				
2.76	19.60	177-1089A-1-3,0-1.5	3.21	0.21				
2.82	19.76	177-1089A-1-3,5-6.5	3.34	0.34	4.21	-1.13	42.0	25.5
2.87	19.90	177-1089A-1-3,10-11.5	2.90	-0.32	4.25	-0.83	45.2	30.7
2.91	20.03	177-1089A-1-3,15-16.5	3.18	0.24	4.18	-1.03	42.7	40.3
2.96	20.17	177-1089A-1-3,20-21.5	3.22	0.05	4.10	-1.23	45.8	35.6
3.01	20.31	177-1089A-1-3,25-26.5	3.23	-0.03	4.26	-1.00	45.1	29.3
3.06	20.45	177-1089A-1-3,30-31.5	2.97	-0.06	4.16	-1.00	43.2	36.8
3.11	20.59	177-1089A-1-3,34-35.5	3.34	0.40	4.24	-1.26	42.3	38.6
3.16	20.73	177-1089A-1-3,35.5-37	3.19	0.14	4.23	-1.30	41.7	28.2
3.21	20.87	177-1089A-1-3,45-46.5	2.99	-0.13	4.08	-1.07	39.7	36.3
3.26	21.01	177-1089A-1-3,50-51.5	3.22	0.10				18.3
3.32	21.17	177-1089A-1-3,55-56.5	3.35	0.34	4.12	-1.08	36.3	32.5
3.36	21.29	177-1089A-1-3,60-61.5	2.99	0.01	4.22	-0.92	36.3	
3.41	21.44	177-1089A-1-3,65-66.5	2.95	-0.31	4.20	-0.80	34.7	18.3
3.46	21.63	177-1089A-1-3,69-70.5			4.11	-1.20	34.7	27.7
3.51	21.84	177-1089A-1-3,76-77.5	3.15	0.19	4.13	-1.01	30.8	26.3
3.56	22.04	177-1089A-1-3,79-81.5			4.19	-0.99	30.8	33.3
3.61	22.25	177-1089A-1-3,85-86.5	3.24	0.11	4.27	-0.89	30.5	26.4
3.66	22.45	177-1089A-1-3,90-91.5	3.03	0.14			25.3	22.8
3.73	22.72	177-1089A-1-3,95-96.5	3.19	-0.13	4.02	-0.93	24.5	22.2
3.82	23.09	177-1089A-1-3,105-106.5	3.23	-0.02	4.10	-1.02	25.8	30.2
3.86	23.27	177-1089A-1-3,110-111.5	3.05	0.24	4.08	-0.80	26.5	29.1
3.91	23.48	177-1089A-1-3,115-116.5			4.21	-0.95	25.0	18.6
3.96	23.69	177-1089A-1-3,120-121.5	2.85	-0.43	4.06	-1.18	25.3	16.6
4.01	23.89	177-1089A-1-3,125-126.5	3.30	0.24	4.22	-0.94	24.0	20.3
4.06	24.10	177-1089A-1-3,130-131.5	3.33	0.20	4.18	-1.05	22.3	21.9
4.11	24.30	177-1089A-1-3,135-136.5	3.42	0.49			22.8	
4.16	24.51	177-1089A-1-3,140-141.5	3.26	0.58				28.7
4.26	24.92	177-1089A-1-4,0-1.5	3.04	0.06				25.7
4.32	25.15	177-1089A-1-4,5-6.5	2.98	0.04	4.07	-0.76	22.2	
4.37	25.36	177-1089A-1-4,10-11.5	3.22	0.02	4.17	-1.03	23.5	23.3
4.41	25.55	177-1089A-1-4,15-16.5	3.03	-0.09	4.12	-0.83	22.1	12.5
4.46	25.77	177-1089A-1-4,20-21.5	2.90	-0.07	4.22	-0.57	21.7	8.3
4.50	25.94	177-1089A-1-4,25-26.5	3.26	0.37	4.07	-0.98	21.6	8.8
4.57	26.22	177-1089A-1-4,30-31.5	3.24	-0.32	4.13	-0.75	21.7	13.5
4.61	26.42	177-1089A-1-4,35-36.5	3.14	0.03	4.15	-1.10	22.6	22.9
4.66	26.63	177-1089A-1-4,39-41	3.37	0.28	4.19	-0.97	22.5	19.0
4.71	26.85	177-1089A-1-4,45-46.5	3.09	0.08	4.13	-0.69	23.5	19.0
4.76	27.07	177-1089A-1-4,50-51.5						27.2
4.82	27.30	177-1089A-1-4,55-56.5	3.44	0.31	4.08	-0.75	25.0	37.5
4.86	27.50	177-1089A-1-4,59.5-61					26.3	38.2
4.91	27.72	177-1089A-1-4,65-66.5			4.17	-0.84	26.3	18.8
4.95	27.89	177-1089A-1-4,70-71.5			3.97	-1.07	25.9	28.9
5.02	28.17	177-1089A-1-4,75-76.5			4.11	-0.88	26.3	31.5
5.06	28.36	177-1089A-1-4,80-81.5			4.09	-0.94	28.9	28.5
5.11	28.58	177-1089A-1-4,85-86.5			4.03	-0.85	30.5	20.3
5.16	28.80	177-1089A-1-4,90-91.5			4.08	-0.85	31.1	24.4
5.23	29.08	177-1089A-1-4,95-96.5			4.02	-1.13	26.8	40.4
5.26	29.21	177-1089A-1-4,99-101.5	3.28	0.31				38.1
5.32	29.35	177-1089A-1-4,105-106.5			3.91	-1.08	26.1	25.9
5.36	29.47	177-1089A-1-4,110-111.5			4.05	-0.86	26.3	23.3
5.41	29.60	177-1089A-1-4,115-116.5	2.82	0.01	3.98	-1.08	26.5	
5.46	29.73	177-1089A-1-4,120-121.5	2.77	-0.32	4.05	-1.03	26.3	12.4
5.51	29.86	177-1089A-1-4,125-126.5	2.94	0.06	4.11	-1.12	27.0	13.7
5.56	29.99	177-1089A-1-4,130-131.5	3.06	0.29	4.07	-1.05	29.3	26.9
5.61	30.12	177-1089A-1-4,135-136.5	3.22	0.45				15.5
5.67	30.28	177-1089D-2-2,35-36.5	2.89					
5.72	30.41	177-1089D-2-2,40-41.5	3.26	0.45	4.08	-0.97	29.9	26.6
5.77	30.54	177-1089D-2-2,45-46.5	3.10	0.37	4.06	-0.97	26.4	37.7
5.82	30.67	177-1089D-2-2,50-51.5	3.35					36.6
5.87	30.80	177-1089D-2-2,55-56.5	3.43	0.38	3.98	-0.91	30.7	51.3
5.92	30.93	177-1089D-2-2,60-61.5	3.40	0.50	4.00	-0.86	35.0	37.9
5.97	31.06	177-1089D-2-2,65-66.5	3.45	0.59			33.1	46.8
6.02	31.19	177-1089D-2-2,70-71.5	3.33	0.65	3.98	-0.76	38.9	52.3
6.07	31.32	177-1089D-2-2,75-76.5	3.27	0.35	3.73	-1.12	39.0	42.6
6.12	31.45	177-1089D-2-2,80-81.5	3.22	0.46	4.03	-0.81	36.9	50.8
6.17	31.60	177-1089D-2-2,85-86.5	3.39	0.26	4.02	-0.72	41.3	38.0
6.22	31.87	177-1089D-2-2,90-91.5	3.16	0.39	3.96	-0.71	40.2	48.0
6.27	32.14	177-1089D-2-2,95-96.5	3.17	0.30	3.82	-0.68	42.0	40.8
6.32	32.41	177-1089D-2-2,100-101.5	3.32	0.35				51.1
6.37	32.68	177-1089D-2-2,105-106.5	3.34	0.65	3.93	-0.37	42.9	36.4
6.42	32.96	177-1089D-2-2,110-111.5	3.28	0.44	3.86	-0.74	40.0	48.3
6.47	33.23	177-1089D-2-2,115-116.5	2.86	-0.03	3.98	-0.89	42.7	39.1
6.52	33.50	177-1089D-2-2,120-121.5	3.20	0.41	3.93	-0.82	44.3	60.6
6.57	33.77	177-1089D-2-2,125-126.5	3.22	0.55	3.95	-0.62	44.6	60.6
6.62	34.05	177-1089D-2-2,130-131.5	3.12	0.52	4.03	-0.97	42.3	50.0
6.67	34.32	177-1089D-2-2,135-136.5	3.00	0.28	3.91	-0.58	40.4	46.9
6.72	34.59	177-1089D-2-2,140-141.5	3.19	0.34	3.92	-0.58	45.1	46.6
6.77	34.86	177-1089D-2-2,145-146.5	3.16	0.69				56.0
6.82	35.13	177-1089D-2-3,0-1.5	2.93	0.45				50.0
6.87	35.41	177-1089D-2-3,5-6.5	3.04	0.52	3.78	-0.53	47.4	60.3
6.92	35.68	177-1089D-2-3,10-11.5	2.94	0.08	3.84	-0.57	50.8	60.7
6.97	35.95	177-1089D-2-3,15-16.5	3.33	0.62	3.92	-0.40	53.3	56.4
7.02	36.22	177-1089D-2-3,20-21.5	3.05	0.69	3.96	-0.53	54.2	39.1
7.07	36.50	177-1089D-2-3,25-26.5	3.28	0.68	3.93	-0.47	51.1	35.3
7.12	36.75	177-1089D-2-3,30-31.5	3.26	0.78	3.85	-0.28	52.1	46.3
7.17	36.99	177-1089D-2-3,35-36.5	3.26	0.56	3.86	-0.67	43.2	54.0
7.22	37.24	177-1089D-2-3,40-41.5	3.07	0.68	3.86	-0.56	39.1	59.5
7.27	37.49	177-1089D-2-3,45-46.5	3.09	0.62	3.80	-0.66	39.4	71.8
7.32	37.74	177-1089D-2-3,50-51.5	2.89	0.43				55.1
7.37	37.99	177-1089D-2-3,55-56.5	3.09	0.67	4.03	-0.79	40.9	60.5
7.42	38.23	177-1089D-2-3,60-61.5	3.15	0.50	3.92	-0.75	41.0	49.2
7.47	38.48	177-1089D-2-3,65-66.5	2.87	-0.05	3.82	-0.51	42.6	
7.52	38.73	177-1089D-2-3,70-71.5	2.64	-0.17	3.92	-0.45	45.3	78.6
7.57	38.98	177-1089D-2-3,75-76.5	2.91	0.25	3.84	-0.38	45.4	59.2
7.62	39.23	177-1089D-2-3,80-81.5	3.45	0.34	3.90	-0.66	44.6	58.5
7.67	39.47	177-1089D-2-3,85-86.5	3.20	0.61	3.93	-0.57	45.7	50.2
7.72	39.72	177-1089D-2-3,90-91.5	2.96	0.24	3.87	-0.88	44.9	52.8
7.77	39.97	177-1089D-2-3,95-96.5	3.02	0.43	3.92	-0.60	44.9	42.5
7.82	40.22	177-1089D-2-3,100-101.5	3.20	0.34				59.1
7.87	40.47	177-1089D-2-3,105-106.5	3.21	0.61	3.87	-0.81	40.5	48.8
7.92	40.71	177-1089D-2-3,110-111.5	3.02	0.40			40.1	
7.97	40.96	177-1089D-2-3,115-116.5	2.95	0.84	3.83	-0.68	42.3	57.7
8.02	41.22	177-1089D-2-3,120-121.5	2.94	0.44	3.89	-0.77	43.5	62.3
8.07	41.50	177-1089D-2-3,125-126.5	3.22	0.66	3.79	-0.34	43.7	57.8
8.12	41.77	177-1089D-2-3,130-131.5	3.37	0.59	3.91	-0.37	43.2	47.6
8.17	42.05	177-1089D-2-3,135-136.5	3.17	0.72	3.83	-0.46	37.8	63.1
8.22	42.32	177-1089D-2-3,140-141.5	3.03	0.73			48.8	63.7
8.27	42.60	177-1089D-2-3,145-146.5	2.90	0.53				58.6
8.32	42.87	177-1089D-2-4,0-1.5	2.96	0.56				44.5
8.37	43.15	177-1089D-2-4,5-6.5	3.01	0.43	3.86	-0.75	43.8	54.1
8.42	43.42	177-1089D-2-4,10-11.5	2.97	0.43	3.97	-1.16	45.0	
8.47	43.70	177-1089D-2-4,15-16.5	3.32	0.76	3.80	-0.46	51.3	43.8
8.52	43.97	177-1089D-2-4,20-21.5	3.08	0.37	3.76	-0.55	51.0	31.4
8.57	44.25	177-1089D-2-4,25-26.5	2.89	0.22	3.83	-0.42	52.9	24.5
8.62	44.52	177-1089D-2-4,30-31.5	2.57	0.43	3.76	-0.47	49.6	24.8
8.67	44.80	177-1089D-2-4,35-36.5	2.80	0.57	3.86	-0.49	43.3	45.7
8.72	45.07	177-1089D-2-4,40-41.5	2.88	0.48	3.83	-0.40	40.3	46.8
8.77	45.35	177-1089D-2-4,45-46.5	2.92	0.28	3.75	-0.51	36.5	30.4
8.82	45.62	177-1089D-2-4,50-51.5	2.80	0.34				38.8
8.87	45.90	177-1089D-2-4,55-56.5	2.67	0.46	3.78	-0.67	36.5	47.1
8.92	46.17	177-1089D-2-4,60-61.5	2.88	0.54	3.76	-0.72	39.7	44.2
8.97	46.47	177-1089D-2-4,65-66.5	2.66	-0.04			43.0	46.9
9.02	46.76	177-1089D-2-4,70-71.5			3.87	-0.81	44.3	50.7
9.07	47.05	177-1089D-2-4,75-76.5	3.20	0.47	3.84	-0.80	42.0	47.3
9.12	47.34	177-1089D-2-4,80-81.5	3.11		3.84	-0.59	41.8	46.2
9.17	47.64	177-1089D-2-4,85-86.5	3.12		3.91	-0.68	44.6	63.0
9.22	47.93	177-1089D-2-4,90-91.5	2.99				49.3	55.3
9.27	48.22	177-1089D-2-4,95-96.5	3.28		3.84	-0.45	48.7	44.6
9.32	48.51	177-1089D-2-4,100-101.5	3.13	0.67				44.9
9.37	48.80	177-1089D-2-4,105-106.5	3.24		3.80	-0.57	51.2	46.8
9.42	49.10	177-1089D-2-4,110-111.5	3.23		3.87	-0.54	50.3	34.5
9.47	49.39	177-1089D-2-4,115-116.5	3.11		3.77	-0.42	47.5	26.2
9.52	49.68	177-1089D-2-4,120-121.5	3.06		3.74	-0.25	55.7	24.9
9.57	49.97	177-1089D-2-4,125-126.5	3.03		3.86	-0.54	56.5	21.2
9.62	50.26	177-1089D-2-4,130-131.5	3.09		3.74	-0.51	56.7	21.1
9.67	50.56	177-1089D-2-4,135-136.5	2.90		3.75	-0.65	57.6	16.4
9.72	50.85	177-1089D-2-4,140-141.5	2.99		3.76	-0.28	57.3	16.2
9.77	51.14	177-1089D-2-4,145-146.5	2.89	0.36				19.1
9.82	51.43	177-1089D-2-5,0-1.5	2.87	0.51				58.6
9.87	51.73	177-1089D-2-5,5-6.5	2.80		3.76	-0.71	52.9	35.3
9.92	52.03	177-1089D-2-5,10-11.5	3.00		3.78	-0.44	49.5	53.5
9.97	52.33	177-1089D-2-5,15-16.5	2.86		3.81	-0.66	52.8	41.2
10.02	52.62	177-1089D-2-5,20-21.5	2.91		3.88	-0.79	52.5	38.6
10.07	52.92	177-1089D-2-5,25-26.5	3.04		3.90	-0.70	50.5	35.8
10.12	53.22	177-1089D-2-5,30-31.5	2.92		3.87	-0.67	46.4	36.9
10.17	53.52	177-1089D-2-5,35-36.5	3.06		3.80	-0.65	56.9	24.7
10.22	53.82	177-1089D-2-5,40-41.5	3.03		3.88	-0.42	55.2	23.9
10.27	54.11	177-1089D-2-5,45-46.5	2.83		3.78	-0.69	55.4	28.4
10.32	54.41	177-1089D-2-5,50-51.5	2.90	1.03	3.69	-0.25		22.6
10.37	54.71	177-1089D-2-5,55-56.5	3.00		3.81	-0.45	53.3	22.6
10.42	55.01	177-1089D-2-5,60-61.5	2.75		3.88	-0.68	53.7	26.0
10.47	55.30	177-1089D-2-5,65-66.5			3.82	-0.44	52.8	29.3
10.52	55.60	177-1089D-2-5,70-71.5	2.79				44.5	35.6
10.57	55.90	177-1089D-2-5,75-76.5	3.01		3.82	-0.74	38.2	41.7
10.62	56.20	177-1089D-2-5,80-81.5	2.85		3.77	-0.65	40.8	35.3
10.67	56.50	177-1089D-2-5,85-86.5	2.86		3.82	-0.62	39.8	34.4
10.72	56.79	177-1089D-2-5,90-91.5	2.98		3.78	-0.37	31.3	64.8
10.77	57.11	177-1089D-2-5,95-96.5	3.00		3.80	-0.67	30.9	61.7
10.82	57.44	177-1089D-2-5,100-101.5	2.88	0.27				
10.87	57.77	177-1089D-2-5,105-106.5	2.89				29.1	58.4
10.92	58.10	177-1089D-2-5,110-111.5	3.24		3.82	-0.80	25.3	70.4
10.97	58.43	177-1089D-2-5,115-116.5	2.92		3.75	-0.80	23.8	47.4
11.02	58.76	177-1089D-2-5,120-121.5	2.74		3.66	-0.78	22.0	21.7
11.07	59.09	177-1089D-2-5,125-126.5	3.00				19.2	44.0
11.12	59.42	177-1089D-2-5,130-131.5	2.94	0.13				43.0
11.18	59.82	177-1089A-2-3,130-131.5	2.97	0.15	3.75	-0.96		31.9
11.23	60.15	177-1089A-2-3,135-136.5	3.18	0.28			21.7	47.2
11.28	60.48	177-1089A-2-3,140-141.5	2.83	-0.35			20.7	23.1
11.33	60.81	177-1089A-2-3,145-146.5	2.81	0.09				20.9
11.38	61.14	177-1089A-2-4,0-1.5	3.04	0.13				
11.43	61.47	177-1089A-2-4,5-6.5	2.83	0.29	3.80	-1.24	22.2	44.8
11.48	61.80	177-1089A-2-4,10-11.5	3.02	-0.05	3.79	-1.13	20.0	43.3
11.53	62.13	177-1089A-2-4,15-16.5	2.77	-0.09	3.86	-1.08	14.1	36.7
11.58	62.46	177-1089A-2-4,20-21.5	2.63	-0.05	3.93	-1.02	17.9	45.8
11.63	62.79	177-1089A-2-4,25-26.5	2.74	-0.15	3.84	-1.15	17.4	29.2
11.68	63.16	177-1089A-2-4,30-31.5	3.02	0.21	3.88	-0.81	13.1	43.0
11.73	63.55	177-1089A-2-4,34-35.5	2.85	0.15	3.89	-0.78	11.4	60.0
11.78	63.95	177-1089A-2-4,35.5-37			3.77	-0.97	12.3	35.6
11.83	64.35	177-1089A-2-4,43-46.5	2.93	0.30			12.9	48.6
11.88	64.75	177-1089A-2-4,50-51.5	2.83	0.25				
11.93	65.15	177-1089A-2-4,55-56.5	3.07	0.38			17.0	46.1
11.98	65.54	177-1089A-2-4,58.5-60	2.98	0.04	3.86	-1.07	16.3	47.1
12.03	65.94	177-1089A-2-4,65-66.5	2.93	0.25	3.88	-0.87	17.3	32.2
12.08	66.34	177-1089A-2-4,70-72.5	3.18	0.28			17.8	32.1
12.13	66.74	177-1089A-2-4,75-76.5	2.99	0.07	3.93	-0.95	17.1	35.3
12.18	67.14	177-1089A-2-4,80-81.5	2.88	0.01	3.82	-0.91	15.0	26.7
12.23	67.53	177-1089A-2-4,85-86.5	3.16	0.47	3.79	-0.89	13.0	25.9
12.28	67.93	177-1089A-2-4,90-91.5	2.86	0.63	3.80	-0.87	15.8	21.6
12.33	68.33	177-1089A-2-4,95-96.5	2.74	0.47	3.82	-0.81	18.3	24.6
12.38	68.73	177-1089A-2-4,97.5-99	3.16	0.47	3.94	-1.05		
12.43	69.12	177-1089A-2-4,105-106.5	2.80	0.27	3.80	-0.99	14.3	19.5
12.48	69.52	177-1089A-2-4,110-111.5	3.27	0.51	3.71	-0.81		23.9
12.53	69.92	177-1089A-2-4,115-116.5	3.11	0.20	3.79	-0.87	16.3	51.7
12.58	70.29	177-1089A-2-4,120-121.5	2.72	0.14	3.81	-1.09	18.6	41.3
12.63	70.59	177-1089A-2-4,125-126.5	2.90	0.35	3.72	-0.87	16.2	32.0
12.68	70.89	177-1089A-2-4,130-131.5	2.69	0.27	3.70	-0.89		30.6
12.73	71.19	177-1089A-2-4,135-136.5	2.67	0.22	3.67	-0.68		29.1
12.78	71.49	177-1089A-2-4,140-141.5	3.04	0.43	3.82	-0.45		41.7
12.83	71.79	177-1089A-2-4,144-145			3.67	-0.37		42.8
12.88	72.09	177-1089A-2-5,0-1.5	3.11	0.81	3.64	-0.54		48.0
12.93	72.39	177-1089A-2-5,5-6.5	2.74	0.12	3.58	-0.68	26.3	52.3
12.98	72.69	177-1089A-2-5,10-11.5	2.79	0.55	3.56	-0.21	11.6	46.4
13.03	72.99	177-1089A-2-5,15-16.5	2.70	0.37	3.59	-0.65	12.8	21.5
13.08	73.29	177-1089A-2-5,19-21.5	2.45	0.38	3.40	-0.23	16.5	20.5
13.13	73.59	177-1089A-2-5,25-26.5	2.61	0.38	3.49	-0.40	19.7	41.7
13.18	73.89	177-1089A-2-5,30-31.5	3.35	0.08	3.54	-0.22		77.0
13.23	74.19	177-1089A-2-5,35-36.5	3.03	0.95	3.48	-0.04		51.2
13.28	74.49	177-1089A-2-5,40-41.5	2.74	0.76	3.50	-0.14	29.9	52.8
13.33	74.79	177-1089A-2-5,45-46.5	2.94	1.00	3.52	-0.15	28.3	48.4
13.38	75.09	177-1089A-2-5,50-51.5	2.82	1.14	3.42	-0.45		65.0
13.43	75.39	177-1089A-2-5,55-56.5	2.61	0.73	3.38	-0.17	55.0	39.2
13.48	75.69	177-1089A-2-5,59-61.5	2.44	0.36	3.52	-0.51	19.2	71.2
13.53	75.99	177-1089A-2-5,65-66.5	2.43	0.04	3.37	-0.12	22.3	75.5
13.58	76.30	177-1089A-2-5,70-71.5	2.54	0.91	3.52	-0.32		63.0
13.63	76.60	177-1089A-2-5,75-76.5	2.77	0.66	3.44	-0.23	31.3	53.1
13.68	76.90	177-1089A-2-5,80-81.5	2.68	1.06	3.37	-0.41	36.8	54.6
13.73	77.20	177-1089A-2-5,85-86.5	2.44	0.87	3.43	-0.38	36.3	58.6
13.78	77.50	177-1089A-2-5,90-91.5	2.47	0.64	3.38	0.04	39.6	56.5
13.83	77.80	177-1089A-2-5,95-96.5	2.33	0.56	3.40	-0.31	41.5	43.2
13.88	78.10	177-1089A-2-5,99-101	2.68	0.96	3.18	-0.23		46.1
13.93	78.40	177-1089A-2-5,105-106.5	2.47	0.55	3.33	-0.38	48.6	52.2
13.98	78.71	177-1089A-2-5,110-111.5	2.56	0.92	3.18	-0.27		51.3
14.05	79.13	177-1089B-2-3,55-56.5	2.49	0.88	3.14	0.06	47.8	43.0
14.10	79.43	177-1089B-2-3,60-61.5	2.33	0.53	3.00	0.03	44.4	48.8
14.15	79.73	177-1089B-2-3,65-66.5	2.33	0.59	3.00	-0.20	40.0	54.7
14.20	80.03	177-1089B-2-3,69-71.5	2.44	0.69	2.96	-0.23	40.8	53.0
14.25	80.33	177-1089B-2-3,75-76.5	2.48	0.74	2.91	-0.26	31.9	50.5
14.30	80.63	177-1089B-2-3,80-82.5	2.49	0.75	3.04	-0.35	23.8	64.8
14.35	80.94	177-1089B-2-3,85-86.5	2.73	0.49	3.09	-0.40	22.5	71.4
14.40	81.25	177-1089B-2-3,90-91.5	2.31	0.77	2.95	-0.52	18.3	56.6
14.45	81.72	177-1089B-2-3,95-96.5	2.46	0.56	3.03	-0.32	18.8	74.1
14.50	82.19	177-1089B-2-3,100-101.5	2.55	0.70	3.41	-0.70		77.4
14.55	82.66	177-1089B-2-3,104-106.5	2.26	0.27	3.26	-0.42	19.1	67.1
14.60	83.13	177-1089B-2-3,110-111.5	2.46	0.53	3.34	-0.63	14.8	76.5
14.65	83.60	177-1089B-2-3,115-116.5	2.08	0.09	3.23	-0.59	12.6	53.4
14.70	84.07	177-1089B-2-3,119-121.5	2.17	0.28	3.17	-0.82	13.8	63.3
14.75	84.54	177-1089B-2-3,125-126.5	2.25	0.38	3.36	-0.81	16.4	48.9
14.80	85.02	177-1089B-2-3,130-131.5	2.23	0.19	3.30	-0.86	17.1	54.9
14.85	85.49	177-1089B-2-3,135-136.5	2.59	0.36	3.41	-0.62	21.1	69.5
14.90	85.96	177-1089B-2-3,140-141.5	2.72	0.63	3.38	-0.44	24.8	76.3
14.95	86.27	177-1089B-2-3,145-146.5			3.42	-0.41		64.4
15.00	86.90	177-1089B-2-4,0-1.5	2.86	0.49				62.7
15.05	87.37	177-1089B-2-4,5-6.5	2.72	0.96	3.33	-0.29	27.3	63.1
15.10	87.84	177-1089B-2-4,10-11.5	2.72	0.76	3.29	-0.28	27.8	68.5
15.15	88.31	177-1089B-2-4,15-16.5	2.66	0.89	3.34	-0.45	26.3	66.2
15.20	88.78	177-1089B-2-4,20-21.5	2.71	0.77	3.48	-0.54	26.8	65.7
15.25	89.25	177-1089B-2-4,25-26.5	2.53	0.70	3.43	-0.70	22.9	61.8
15.30	89.72	177-1089B-2-4,30-31.5	2.55	0.63	3.26	-0.63	20.3	60.0
15.35	90.21	177-1089B-2-4,35-36.5	2.35	0.48	3.33	-0.58	22.1	75.3
15.40	90.71	177-1089B-2-4,40-43	2.53	0.69	3.33	-0.42	18.3	36.7
15.45	91.20	177-1089B-2-4,46-47.5	2.81	0.28	3.31	-0.68	18.6	73.3
15.50	91.70	177-1089B-2-4,50-51.5	2.70	0.75				75.2
15.55	92.20	177-1089B-2-4,55-56.5	2.47	0.63	3.31	-0.59	22.0	73.0
15.60	92.69	177-1089B-2-4,60-61.5	2.32	0.41	3.24	-0.57	23.0	68.5
15.65	93.19	177-1089B-2-4,65-66.5	2.48	0.86	3.29	-0.68	22.7	81.4
15.70	93.69	177-1089B-2-4,69-71.5	2.63	0.60	3.20	-0.38	22.6	77.9
15.75	94.18	177-1089B-2-4,75-76.5	2.27	0.44	3.25	-0.33	21.5	73.6
15.80	94.68	177-1089B-2-4,80-81.5	2.48	0.91	3.14	-0.51	22.8	71.2
15.85	95.17	177-1089B-2-4,85-86.5	2.47	1.05			23.8	80.9
15.90	95.67	177-1089B-2-4,91-93	2.56	0.78			26.8	70.9
15.95	96.17	177-1089B-2-4,95-96.5	2.48	0.68	2.90	-0.08	27.6	72.1
16.00	96.66	177-1089B-2-4,100-101.5	2.42	0.81	3.06	-0.19		75.6
16.05	97.16	177-1089B-2-4,105-106.5	2.54	0.85	3.08	-0.10	28.4	62.7
16.10	97.66	177-1089B-2-4,110-111.5	2.35	0.67	3.09	-0.04	30.2	70.8
16.15	98.15	177-1089B-2-4,115-116.5	2.50	0.62	3.14	-0.20	31.8	67.5
16.20	98.65	177-1089B-2-4,120-121.5	2.41	0.69	3.14	-0.42	33.1	67.5
16.25	99.13	177-1089B-2-4,125-126.5	2.23	0.83	3.07	-0.25	35.8	63.2
16.30	99.60	177-1089B-2-4,130-131.5	2.45	0.74	3.05	-0.13	37.0	65.1
16.35	100.07	177-1089B-2-4,135-136.5	2.46	0.78	3.20	-0.38	34.8	59.5
16.40	100.54	177-1089B-2-4,140-141.5	2.69	0.73	3.24	-0.19	36.9	58.7
16.45	101.00	177-1089B-2-4,145-146.5	2.42	0.79				59.4
16.50	101.47	177-1089B-2-5,0-1.5	2.58	0.64	3.13	-0.10		60.5
16.55	101.94	177-1089B-2-5,5-6.5	2.32	0.66	3.38	-0.54	35.3	64.7
16.60	102.41	177-1089B-2-5,10-11.5	2.53	0.77	3.42	-0.34	27.7	71.9
16.65	102.88	177-1089B-2-5,15-16.5	2.17	0.52			31.6	52.0
16.70	103.34	177-1089B-2-5,20-21.5	2.43	0.40	3.08	-0.55	22.0	81.3
16.75	103.81	177-1089B-2-5,25-26.5	2.39	0.75	3.14	-0.27	27.0	54.7
16.80	104.28	177-1089B-2-5,30-31.5	2.51	0.26	3.18	-0.79	23.7	63.6
16.85	104.70	177-1089B-2-5,35-36.5	2.40	0.81	3.30	-0.55	31.6	55.9
16.90	105.07	177-1089B-2-5,40-41.5	2.51	0.77	3.25	-0.64	36.8	48.7
16.95	105.40	177-1089B-2-5,45-46.5	2.68	0.55	3.32	-0.37	38.3	41.1
17.00	105.71	177-1089B-2-5,50-51.5	2.53	0.23				34.8
17.05	106.00	177-1089B-2-5,55-56.5	2.67	0.35	3.24	-0.51	36.8	38.6
17.10	106.28	177-1089B-2-5,60-61.5	2.32	0.30	3.30	-0.47	34.5	35.6
17.15	106.55	177-1089B-2-5,65-66.5	2.30	0.32	3.31	-0.69	33.7	49.6
17.20	106.82	177-1089B-2-5,69-71.5	2.52	0.62	3.27	-0.90	29.8	60.2
17.25	107.08	177-1089B-2-5,75-76.5	2.40	0.12	3.31	-0.47	28.9	57.0
17.30	107.34	177-1089B-2-5,80-81.5	2.31	0.67	3.26	-0.53		29.0
17.35	107.60	177-1089B-2-5,85-86.5	2.26	0.30	3.26	-0.37	16.8	79.4
17.40	107.86	177-1089B-2-5,90-91.5	2.27	0.20			14.5	66.7
17.45	108.12	177-1089B-2-5,95-96.5	2.30	0.02	3.26	-0.56	15.1	66.0
17.50	108.38	177-1089B-2-5,99-101.5	2.50	0.46				78.1
17.55	108.65	177-1089B-2-5,105-106.5	2.11	0.50	3.31	-0.47	14.3	75.3
17.60	108.91	177-1089B-2-5,110-111.5	2.30	0.43	3.33	-0.73	14.4	40.4
17.65	109.18	177-1089B-2-5,115-116.5	2.54	0.46	3.30	-0.68	17.2	71.0
17.70	109.45	177-1089B-2-5,120-121.5	2.38	0.11	3.39	-0.62	21.1	74.1
17.75	109.73	177-1089B-2-5,125-126.5	2.13	0.33	3.37	-0.42	21.5	79.2
17.80	110.01	177-1089B-2-5,130-131.5	2.36	0.66	3.37	-0.38	23.3	79.4
17.90	110.57	177-1089B-2-5,140-141.5	2.73	0.59	3.31	-0.45	27.0	76.3
17.95	110.86	177-1089B-2-5,145-146.5	2.70	0.28	3.43	-0.57		53.4
18.00	111.16	177-1089B-2-6,0-1.5	2.79	0.68			24.7	
18.05	111.46	177-1089B-2-6,5-6.5	2.39	0.61	3.23	-0.46	23.3	69.6
18.10	111.76	177-1089B-2-6,10-11.5	2.18	0.10	3.39	-0.52		32.5
18.15	112.06	177-1089B-2-6,15-16.5	2.28	0.26	3.30	-0.48		31.9
18.20	112.38	177-1089B-2-6,20-21.5	2.70	0.66	3.31	-0.41		
18.25	112.69	177-1089B-2-6,25-26.5	2.42	0.23	3.29	-0.52		64.8
18.30	113.01	177-1089B-2-6,30-31.5	2.59	0.28	3.26	-0.46		82.7
18.35	113.34	177-1089B-2-6,35-36.5	2.33	0.70	3.34	-0.51		86.7
18.40	113.67	177-1089B-2-6,40-41.5	2.28	0.12	3.19	-0.36		88.3
18.45	114.00	177-1089B-2-6,45-46.5	2.23	0.54	3.15	-0.34		
18.50	114.35	177-1089B-2-6,50-51.5	2.61	0.72	2.89	-0.48		91.4
18.53	114.56	177-1089D-3-4,115-116.5					13.2	
18.58	114.91	177-1089D-3-4,120-121.5	2.20	0.72			15.1	63.2
18.63	115.27	177-1089D-3-4,125-126.5	2.85	0.39			13.2	
18.68	115.63	177-1089D-3-4,130-131.5	2.20	0.18			12.3	87.5
18.73	116.00	177-1089D-3-4,135-136.5	2.05	0.42			13.3	
18.78	116.37	177-1089D-3-4,140-141.5	1.83	0.28			14.3	86.0
18.83	116.75	177-1089D-3-4,145-146.5	2.50	0.48	2.75	-0.42		
18.88	117.13	177-1089D-3-5,0-1.5	2.42	0.38				90.7
18.93	117.51	177-1089D-3-5,5-6.5	2.63	0.21			15.3	
18.98	117.88	177-1089D-3-5,10-11.5	2.10	0.41			17.6	88.0
19.03	118.26	177-1089D-3-5,15-16.5	2.12	0.51			17.8	
19.08	118.61	177-1089D-3-5,20-21.5	2.05	0.57			19.2	90.1
19.13	118.92	177-1089D-3-5,25-26.5	2.12	0.66	2.30	-0.04	19.3	
19.18	119.11	177-1089D-3-5,30-31.5	2.16	0.61	2.39	-0.17	22.9	79.5
19.23	119.22	177-1089D-3-5,35-36.5	2.36	0.08	2.37	-0.18	23.5	
19.28	119.31	177-1089D-3-5,40-41.5	2.02	0.67	2.39	-0.02	24.6	64.7
19.33	119.40	177-1089D-3-5,45-46.5	2.18	0.33	2.39	0.07	26.3	
19.38	119.51	177-1089D-3-5,50-51.5	2.30	0.49		0.00		64.8
19.43	119.64	177-1089D-3-5,55-56.5	1.84	0.74	2.50	-0.26	30.3	
19.48	119.79	177-1089D-3-5,60-61.5	1.92	0.60			30.3	64.9
19.53	119.99	177-1089D-3-5,65-66.5	1.81	0.65			30.4	
19.58	120.27	177-1089D-3-5,70-71.5			2.66	-0.14	30.8	60.9
19.63	120.70	177-1089D-3-5,75-76.5			2.44	-0.12	30.3	
19.68	121.29	177-1089D-3-5,80-81.5	2.10	0.77	2.18	0.01	28.9	70.6
19.73	121.95	177-1089D-3-5,85-86.5	1.87	0.51	2.33	-0.09	27.3	
19.78	122.58	177-1089D-3-5,90-91.5	1.79	1.21	2.05	0.09	28.3	62.7
19.83	123.15	177-1089D-3-5,95-96.5	1.84	0.62	1.98	-0.23	29.3	
19.88	123.64	177-1089D-3-5,100-101.5	1.90	0.60	2.41	-0.66		62.6
19.93	124.03	177-1089D-3-5,105-106.5	1.92	0.53	2.30	-0.32	32.2	
19.98	124.35	177-1089D-3-5,110-111.5	2.12	0.74	2.16	-0.40	34.8	70.8
20.03	124.66	177-1089D-3-5,115-116.5	1.72	0.45	2.32	-0.34	34.5	
20.08	124.98	177-1089D-3-5,120-121.5	1.95	0.35	2.28	-0.35	35.0	64.6
20.13	125.32	177-1089D-3-5,125-126.5	1.73	0.37	2.25	-0.25	37.9	
20.18	125.67	177-1089D-3-5,130-131.5	1.92	0.16	2.36	-0.06	42.2	53.2
20.23	126.02	177-1089D-3-5,135-136.5	2.09	0.29	2.35	-0.14	44.3	
20.28	126.38	177-1089D-3-5,140-141.5	1.71	0.13	2.37	-0.04	44.2	24.0
20.33	126.73	177-1089D-3-5,145-146.5	1.63	0.08	2.58	-0.29		
20.38	127.08	177-1089D-3-6,0-1.5	1.69	0.04	2.54	-0.09		35.7
20.43	127.44	177-1089D-3-6,5-6.5	1.31	-0.39	2.66	-0.03	55.3	
20.48	127.79	177-1089D-3-6,10-11.5	1.27	-0.52	2.85	-0.09	55.2	35.9
20.53	128.15	177-1089D-3-6,15-16.5	1.42	-0.37	2.83	-0.10	56.6	
20.58	128.50	177-1089D-3-6,20-21.5	1.06	-0.59	2.74	0.06	54.8	19.9
20.63	128.85	177-1089D-3-6,25-26.5	1.28	-0.47	2.94	-0.14	58.5	
20.68	129.21	177-1089D-3-6,30-31.5	1.72	-0.58	3.12	-0.02	56.1	20.1
20.73	129.56	177-1089D-3-6,35-36.5	1.66	-0.64	3.10	-0.07	61.0	
20.78	129.92	177-1089D-3-6,40-41.5	1.82	-0.95	3.28	-0.12	58.9	25.2
20.83	130.27	177-1089D-3-6,45-46.5	2.46	-0.61	3.38	-0.23	60.9	
20.88	130.63	177-1089D-3-6,50-51.5	2.43	-0.09	3.47	-0.62		24.0
20.93	130.98	177-1089D-3-6,55-56.5	2.48	-0.27	3.53	-0.25	59.4	
20.98	131.33	177-1089D-3-6,60-61.5	2.35	-0.34	3.67	-0.88	58.8	20.8
21.03	131.68	177-1089D-3-6,65-66.5	2.56	-0.07	3.51	-0.31	58.8	
21.08	132.02	177-1089D-3-6,70-71.5	2.84	-0.08			58.7	35.9
21.13	132.36	177-1089D-3-6,75-76.5	2.82	0.11	3.82	-0.94	57.8	
21.18	132.70	177-1089D-3-6,80-81.5	2.68	-0.45	3.85	-0.79	61.2	26.6
21.23	133.04	177-1089D-3-6,85-86.5	2.65	-0.13	3.91	-0.54	59.4	
21.28	133.38	177-1089D-3-6,90-91.5	2.72	-0.40	4.02	-0.71	59.9	25.7
21.33	133.72	177-1089D-3-6,95-96.5	3.04	0.01	3.97	-0.75	60.3	
21.38	134.06	177-1089D-3-6,100-101.5	2.93		3.98	-0.92	58.3	21.7
21.43	134.40	177-1089D-3-6,105-106.5	2.95	-0.48	4.10	-1.14	57.6	
21.48	134.74	177-1089D-3-6,110-111.5	3.23	-0.08	4.09	-0.87	61.2	27.5
21.53	135.08	177-1089D-3-6,115-116.5	3.11	-0.38	4.09	-0.88	62.4	
21.58	135.42	177-1089D-3-6,120-121.5	2.93	-0.24	4.29	-1.00	61.7	17.7
21.63	135.76	177-1089D-3-6,125-126.5	3.06	-0.09	4.24	-0.88	60.7	
21.64	135.83	177-1089B-3-1,120-121.5	3.35	-0.11	4.18	-0.89	54.5	15.0
21.69	136.17	177-1089B-3-1,125-126.5	3.13	-0.15	4.22	-0.84	53.1	13.1
21.74	136.51	177-1089B-3-1,130-131.5	3.23	-0.18	4.17	-0.70	54.4	13.8
21.79	136.85	177-1089B-3-1,135-136.5	3.25	-0.18	4.29	-1.03	55.4	8.7
21.84	137.19	177-1089B-3-1,140-141.5	3.10	-0.14	3.97	-0.77	57.8	
21.89	137.53	177-1089B-3-1,145-146.5	3.59	-0.08			56.4	7.6
21.94	137.87	177-1089B-3-2,0-1.5	3.21	-0.13	3.97	-0.89	56.3	12.3
21.99	138.21	177-1089B-3-2,5-6.5	3.06	-0.33	4.00	-0.79	51.8	22.4
22.04	138.55	177-1089B-3-2,10-11.5	3.01	-0.08	4.20	-1.08	48.9	
22.09	138.90	177-1089B-3-2,15-16.5	3.29	0.02	3.99	-0.78	50.1	
22.14	139.24	177-1089B-3-2,20-21.5	3.16	0.02	4.11	-0.94	48.0	6.2
22.19	139.58	177-1089B-3-2,25-26.5	3.46	0.17			46.4	25.3
22.24	139.93	177-1089B-3-2,30-31.5	3.25	0.17	4.14	-0.92	50.7	23.3
22.29	140.27	177-1089B-3-2,35-36.5	3.28	-0.24	4.08	-1.04	51.8	25.6
22.34	140.61	177-1089B-3-2,40-41.5	3.31	0.30	4.11	-1.01	49.6	18.1
22.39	140.95	177-1089B-3-2,45-46.5	3.12	-0.11	4.14	-1.18	47.3	19.0
22.44	141.30	177-1089B-3-2,50-51.5	3.32	0.18	4.07	-0.98	47.6	27.4
22.49	141.64	177-1089B-3-2,55-56.5	3.09	0.03	4.07	-0.98	47.3	25.9
22.54	141.98	177-1089B-3-2,60-61.5	2.94	-0.06	3.93	-0.66	52.7	21.1
22.59	142.33	177-1089B-3-2,65-66.5	3.20	-0.21	4.05	-0.87	47.8	25.4
22.64	142.67	177-1089B-3-2,70-71.5	3.10	-0.15	4.03	-1.17	45.4	24.5
22.69	143.01	177-1089B-3-2,75-76.5	3.02	-0.44	4.14	-1.22	46.3	27.9
22.74	143.36	177-1089B-3-2,80-81.5	2.69	-0.26	4.06	-1.26	45.2	26.8
22.79	143.70	177-1089B-3-2,85-86.5	3.08	-0.11	3.96	-1.18	42.3	40.6
22.84	144.04	177-1089B-3-2,90-91.5	3.17	-0.11			44.7	15.4
22.89	144.38	177-1089B-3-2,95-96.5	2.87	-0.15	4.09	-1.21	44.8	11.4
22.94	144.72	177-1089B-3-2,100-101.5	3.44	-0.25	4.18	-1.17	44.8	18.0
22.99	145.06	177-1089B-3-2,105-106.5	3.44	0.29	4.06	-0.98	45.8	28.2
23.04	145.40	177-1089B-3-2,110-111.5	3.06	-0.09	4.06	-1.08	49.8	34.8
23.09	145.74	177-1089B-3-2,115-116.5	3.17	0.07	4.00	-0.96	47.4	37.5
23.14	146.08	177-1089B-3-2,120-121.5	3.27	0.11	4.08	-1.03	44.9	40.2
23.19	146.42	177-1089B-3-2,125-126.5	3.13	-0.17	4.12	-0.99	47.1	33.9
23.24	146.76	177-1089B-3-2,130-131.5	3.33	0.00	4.08	-1.06	46.3	41.1
23.29	147.10	177-1089B-3-2,135-136.5	3.15	-0.10	4.01	-1.00	45.7	47.4
23.34	147.44	177-1089B-3-2,140-141.5	2.88	-0.27	4.05	-1.15	45.9	
23.39	147.78	177-1089B-3-2,145-146.5	3.19	-0.37	4.03	-1.27	46.8	
23.44	148.12	177-1089B-3-3,0-1.5	3.18	-0.34	4.10	-1.19	51.4	24.9
23.49	148.46	177-1089B-3-3,5-6.5	3.34	0.18	4.11	-1.01	49.5	
23.54	148.80	177-1089B-3-3,10-11.5	3.39	0.08	3.85	-1.02	47.4	
23.59	149.14	177-1089B-3-3,15-16.5	3.06	-0.16	4.02	-1.07	51.6	
23.64	149.48	177-1089B-3-3,20-21.5	3.14	-0.33	4.02	-1.06	53.0	
23.69	149.82	177-1089B-3-3,25-26.5	3.12	-0.19	4.00	-1.14	52.1	35.3
23.74	150.16	177-1089B-3-3,30-31.5	3.21	-0.08	3.90	-0.95	49.6	
23.79	150.49	177-1089B-3-3,35-36.5	3.23	-0.16	4.02	-1.05	49.3	
23.84	150.81	177-1089B-3-3,40-41.5	3.01	-0.31	3.88	-1.22	50.8	
23.89	151.14	177-1089B-3-3,45-46.5	2.96	-0.26	3.95	-1.04	51.6	
23.94	151.46	177-1089B-3-3,50-51.5	3.25	-0.03	3.92	-1.14	51.0	37.3
23.99	151.78	177-1089B-3-3,55-56.5	3.12	-0.01	4.09	-0.80	51.8	
24.04	152.11	177-1089B-3-3,60-61.5	3.18	-0.35	4.11	-0.76	48.7	
24.09	152.43	177-1089B-3-3,65-66.5	3.10	-0.50	4.12	-1.01	48.7	
24.14	152.76	177-1089B-3-3,70-71.5	3.07	-0.14	4.01	-1.31	49.0	
24.19	153.08	177-1089B-3-3,75-76.5			3.99	-1.07	47.1	25.2
24.24	153.45	177-1089B-3-3,80-81.5	3.04	-0.46			45.4	
24.29	153.73	177-1089B-3-3,85-86.5	3.07	-0.44	3.96	-1.18	46.6	
24.34	154.06	177-1089B-3-3,90-91.5	3.03	-0.34	4.02	-1.26	44.6	
24.39	154.38	177-1089B-3-3,95-96.5	3.44	-0.19	4.17	-1.28	44.1	
24.44	154.71	177-1089B-3-3,100-101.5	3.33	0.15	4.07	-0.99	43.2	39.7
24.49	155.03	177-1089B-3-3,105-106.5	3.28	0.23	4.11	-1.19	42.3	
24.54	155.36	177-1089B-3-3,110-111.5	3.33	0.29			43.3	
24.59	155.68	177-1089B-3-3,115-116.5			4.03	-1.27	43.0	
24.64	156.01	177-1089B-3-3,120-121.5	3.34	0.00			42.8	
24.69	156.33	177-1089B-3-3,125-126.5	3.28	-0.05	4.11	-1.17	42.9	39.6
24.74	156.64	177-1089B-3-3,130-131.5	3.38	-0.06			43.3	
24.79	156.96	177-1089B-3-3,135-136.5	3.49	0.26	4.03	-1.00	41.8	
24.84	157.28	177-1089B-3-3,140-141.5	3.40	-0.36	4.24	-0.99	42.9	
24.89	157.59	177-1089B-3-3,145-146.5	3.12	-0.15			41.0	
24.94	157.91	177-1089B-3-4,0-1.5	3.32	-0.36			43.3	39.7
24.99	158.22	177-1089B-3-4,5-6.5	3.41	-0.18	4.02	-1.23	43.8	
25.04	158.54	177-1089B-3-4,9-10.5	3.17	-0.40	4.12	-1.07	45.6	
25.09	158.86	177-1089B-3-4,15-16.5	3.18	-0.28	3.93	-1.02	42.9	
25.14	159.17	177-1089B-3-4,20-21.5	2.92	0.03	3.93	-1.17	42.2	
25.19	159.49	177-1089B-3-4,25-26.5	3.16	0.10	3.94	-1.07	42.5	59.2
25.24	159.81	177-1089B-3-4,29-30.5	3.33	-0.20	4.10	-1.04	42.7	
25.29	160.12	177-1089B-3-4,35-36.5	3.10	-0.72	3.99	-0.85	41.4	
25.34	160.44	177-1089B-3-4,39-40.5	2.98	-0.29	3.81	-1.12	40.9	
25.39	160.75	177-1089B-3-4,45-46.5	2.95	-0.07	4.03	-0.98	43.4	
25.44	161.07	177-1089B-3-4,49-50.5	2.88	-0.31	3.97	-0.76	44.3	16.2
25.49	161.39	177-1089B-3-4,55-56.5	3.04	-0.36	3.91	-0.85	40.6	
25.54	161.70	177-1089B-3-4,59-60.5	3.00	-0.14	3.87	-0.67	39.1	
25.59	162.01	177-1089B-3-4,65-66.5	2.81	-0.37			31.8	
25.64	162.32	177-1089B-3-4,70-71.5	3.01	-0.22	3.70	-0.79	35.0	
25.69	162.62	177-1089B-3-4,75-76.5	2.85	0.12			31.5	28.8
25.74	162.92	177-1089B-3-4,79-80.5	2.77	-0.13	3.91	-0.70	31.8	
25.79	163.22	177-1089B-3-4,85-86.5	2.85	-0.55	3.87	-0.91	30.4	
25.84	163.52	177-1089B-3-4,89-90.5	2.62	-0.35	3.82	-1.01	29.8	
25.89	163.83	177-1089B-3-4,95-96.5	2.62	-0.52	3.90	-1.06	34.2	
25.94	164.13	177-1089B-3-4,99-100.5	2.60	-0.54	3.81	-0.95	37.1	26.5
25.99	164.43	177-1089B-3-4,105-106.5	2.87	-0.37	3.74	-0.79	35.3	
26.04	164.73	177-1089B-3-4,109-110.5	2.81	-0.25			34.0	
26.09	165.03	177-1089B-3-4,115-116.5	2.87	0.17	3.80	-1.35	27.8	
26.14	165.34	177-1089B-3-4,120-121.5	2.63	-0.52	3.74	-1.10	21.4	
26.19	165.64	177-1089B-3-4,125-126.5	2.63	-0.29			21.7	26.8
26.24	165.94	177-1089B-3-4,129-130.5	2.71	-0.14			22.7	
26.29	166.24	177-1089B-3-4,135-136.5	2.92	0.10			20.8	
26.34	166.54	177-1089B-3-4,139-140.5	2.92	0.43	3.77	-1.18	22.3	
26.39	166.85	177-1089B-3-4,145-146.5	2.63	-0.49			21.7	
26.44	167.15	177-1089B-3-5,0-1.5	2.84	-0.44	3.77	-0.99	25.7	38.1
26.49	167.45	177-1089B-3-5,5-6.5	2.92	-0.04	3.83	-1.13	27.3	
26.54	167.73	177-1089B-3-5,9-10.5	2.95	-0.05	3.82	-1.20	28.1	
26.59	168.01	177-1089B-3-5,15-16.5			3.76	-0.79	32.2	
26.64	168.30	177-1089B-3-5,20-21.5	2.79	0.03	3.81	-1.04	32.4	
26.69	168.58	177-1089B-3-5,25-26.5	2.74	-0.30	3.79	-1.12	31.6	32.0
26.74	168.86	177-1089B-3-5,29-30.5	2.63	-0.33	3.81	-1.05	34.0	
26.79	169.15	177-1089B-3-5,35-36.5	2.75	0.02	3.74	-1.29	33.8	
26.84	169.43	177-1089B-3-5,39-40.5	2.78	0.27	3.79	-1.02	34.8	
26.89	169.71	177-1089B-3-5,45-46.5	2.71	0.09	3.85	-1.05	36.5	22.9
26.94	169.99	177-1089B-3-5,49-50.5	2.67	-0.01	3.64	-1.06	34.6	
26.99	170.28	177-1089B-3-5,55-56.5	2.84	0.22	3.67	-1.06	41.2	35.0
27.04	170.56	177-1089B-3-5,59-60.5	2.83	0.30	3.70	-0.97	44.1	
27.09	170.84	177-1089B-3-5,65-66.5	2.78	0.10	3.74	-0.89	45.9	
27.14	171.13	177-1089B-3-5,70-71.5	2.97	0.34	3.69	-0.76	46.8	
27.19	171.41	177-1089B-3-5,75-76.5	2.94	0.14	3.77	-0.64	43.3	17.7
27.24	171.69	177-1089B-3-5,79-80.5	2.87	0.05	3.66	-0.75	43.6	
27.30	172.04	177-1089B-3-5,85-86.5	2.67	0.38	3.43	-0.72	42.1	
27.34	172.26	177-1089B-3-5,89-90.5	2.87	0.11	3.49	-0.75	38.9	
27.39	172.54	177-1089B-3-5,95-96.5			3.49	-0.90	40.8	
27.44	172.82	177-1089B-3-5,99-100.5	2.78	0.20	3.46	-0.94	39.2	43.0
27.49	173.11	177-1089B-3-5,105-106.5	2.77	-0.08	3.48	-0.77	42.7	
27.54	173.39	177-1089B-3-5,109-110.5	2.61	-0.23	3.56	-1.14	43.8	
27.59	173.68	177-1089B-3-5,115-116.5	2.80	-0.15	3.49	-0.99	45.0	
27.64	173.96	177-1089B-3-5,120-121.5	2.91	0.31	3.72	-1.03	46.6	
27.69	174.25	177-1089B-3-5,125-126.5	3.17	0.00	3.66	-0.79	46.9	31.8
27.74	174.53	177-1089B-3-5,129-130.5	3.13	0.22			43.3	
27.79	174.82	177-1089B-3-5,135-136.5	3.03	0.02	3.55	-1.06	37.4	
27.84	175.11	177-1089B-3-5,139-140.5	2.84	0.06	3.57	-0.82	33.9	
27.89	175.39	177-1089B-3-5,145-146.5	2.40	0.34			35.4	
27.94	175.68	177-1089B-3-6,0-1.5	2.45	-0.32			36.5	
27.99	175.96	177-1089B-3-6,5-6.5	2.92	-0.34	3.67	-0.80	35.1	
28.04	176.25	177-1089B-3-6,9-10.5	3.01	-0.54	3.63	-0.80	34.8	
28.09	176.53	177-1089B-3-6,15-16.5	2.91	-0.05	3.70	-0.89	35.3	
28.14	176.82	177-1089B-3-6,20-21.5	2.80	-0.43	3.73	-1.18	35.1	53.0
28.19	177.10	177-1089B-3-6,25-26.5	2.76	0.00	3.76	-1.20	33.9	
28.24	177.39	177-1089B-3-6,29-30.5			3.77	-0.89	34.2	
28.29	177.67	177-1089B-3-6,35-36.5			3.78	-1.10	28.8	
28.34	177.96	177-1089B-3-6,39-40.5	3.16	-0.17	3.71	-1.12	31.2	
28.39	178.25	177-1089B-3-6,45-46.5	3.13	-0.25			32.3	46.4
28.44	178.54	177-1089B-3-6,49-50.5	3.13	-0.41	3.76	-0.92	34.7	
28.49	178.83	177-1089B-3-6,55-56.5	3.27	-0.25	3.73	-0.79	39.0	
28.54	179.12	177-1089B-3-6,59-60.5	2.87	-0.31			41.5	
28.59	179.41	177-1089B-3-6,65-66.5	3.23	-0.12	3.86	-0.77	44.3	
28.64	179.70	177-1089B-3-6,70-71.5	3.48	-0.08			43.9	43.0
28.69	179.99	177-1089B-3-6,75-76.5	3.21	0.15	3.68	-0.96	43.1	
28.74	180.30	177-1089B-3-6,80-81.5	2.62	0.01			46.1	
28.79	180.60	177-1089B-3-6,85-86.5	2.97	-0.31			31.3	
28.84	180.91	177-1089B-3-6,90-91.5	3.02	-0.18			23.2	
28.89	181.20	177-1089B-3-6,95-96.5	2.65	-0.34			22.8	25.7
28.94	181.50	177-1089B-3-6,100-101.5	2.68	-0.12			22.2	
28.99	181.80	177-1089B-3-6,105-106.5	2.70	-0.33			23.6	
29.04	182.10	177-1089B-3-6,110-111.5	2.78	-0.36			23.4	
29.09	182.39	177-1089B-3-6,115-116.5	2.90	-0.28			23.0	
29.13	182.53	177-1089C-4-1,145-146.5	3.46	0.40	3.85	-1.09	20.0	
29.18	182.82	177-1089C-4-2,0-1.5	3.07	-0.06	3.74	-0.85	21.1	32.9
29.23	183.11	177-1089C-4-2,5-6.5	3.00	0.05	3.80	-1.17	21.3	
29.28	183.37	177-1089C-4-2,10-11.5	3.26	-0.16	3.79	-1.08	14.6	
29.33	183.63	177-1089C-4-2,15-16.5	3.20	-0.35			12.5	
29.38	183.88	177-1089C-4-2,20-21.5	3.12	-0.12	3.85	-0.94	14.8	
29.43	184.14	177-1089C-4-2,25-26.5	2.98	0.09	3.74	-0.68	13.2	31.8
29.48	184.40	177-1089C-4-2,30-31.5	2.99	-0.25			10.8	
29.53	184.65	177-1089C-4-2,35-36.5	2.74	-0.26	3.76	-1.32	10.1	
29.58	184.91	177-1089C-4-2,40-41.5	2.86	-0.03	3.75	-0.88	7.8	
29.63	185.17	177-1089C-4-2,45-46.5	3.16	0.02	3.71	-1.21	6.8	
29.68	185.43	177-1089C-4-2,50-51.5	2.97	0.46	3.68	-1.19	7.5	33.3
29.73	185.68	177-1089C-4-2,55-56.5	3.05	-0.05			3.6	
29.78	185.94	177-1089C-4-2,60-61.5	3.00	-0.14			3.9	
29.83	186.20	177-1089C-4-2,65-66.5	2.58	-0.36			3.3	
29.88	186.46	177-1089C-4-2,70-71.5	3.04	0.02	3.68	-1.19	1.3	
29.93	186.71	177-1089C-4-2,75-76.5					2.2	35.7
29.98	186.97	177-1089C-4-2,80-81.5					1.6	
30.03	187.23	177-1089C-4-2,85-86.5	2.44	0.00			2.0	
30.08	187.48	177-1089C-4-2,90-91.5	3.02	0.13			3.3	
30.13	187.74	177-1089C-4-2,95-96.5	2.63	-0.16			6.9	
30.18	188.06	177-1089C-4-2,100-101.5	2.89	0.28	3.49	-0.64	5.5	47.0
30.23	188.40	177-1089C-4-2,105-106.5	2.61	-0.19			7.4	
30.28	188.75	177-1089C-4-2,110-111.5	2.86	0.08	3.56	-0.65	13.8	
30.33	189.10	177-1089C-4-2,115-116.5	2.74	-0.10	3.55	-0.38	11.3	
30.38	189.44	177-1089C-4-2,120-121.5					10.8	
30.43	189.79	177-1089C-4-2,125-126.5	2.81	0.21	3.44	-0.61	10.9	47.2
30.48	190.13	177-1089C-4-2,130-131.5	2.74	0.50			8.0	
30.53	190.48	177-1089C-4-2,135-136.5	2.65	-0.12			1.2	
30.58	190.83	177-1089C-4-2,140-141.5	2.79	0.16			0.0	
30.63	191.17	177-1089C-4-2,145-146.5	2.34	-0.27			0.0	
30.68	191.52	177-1089C-4-3,0-1.5					0.0	44.4
30.73	191.87	177-1089C-4-3,5-6.5					0.3	
30.78	192.21	177-1089C-4-3,10-11.5					0.0	
30.83	192.56	177-1089C-4-3,15-16.5	2.71	0.22			5.0	
30.88	192.90	177-1089C-4-3,20-21.5	2.53	-0.16			1.5	
30.93	193.25	177-1089C-4-3,25-26.5	2.61	0.27			3.7	26.5
30.98	193.60	177-1089C-4-3,30-31.5					0.0	
31.03	193.94	177-1089C-4-3,35-36.5					0.0	
31.08	194.37	177-1089C-4-3,40-41.5					0.0	42.1
31.13	194.94	177-1089C-4-3,45-46.5					0.0	
31.18	195.51	177-1089C-4-3,50-51.5					3.4	
31.23	196.08	177-1089C-4-3,55-56.5	2.46	-0.35			4.0	70.6
31.28	196.65	177-1089C-4-3,60-61.5	2.20	0.38			7.8	
31.33	197.22	177-1089C-4-3,65-66.5	2.56	0.47			9.2	
31.38	197.79	177-1089C-4-3,70-71.5	2.27	0.01			14.3	
31.43	198.35	177-1089C-4-3,75-76.5					15.8	91.9
31.48	198.92	177-1089C-4-3,80-81.5					14.8	
31.53	199.49	177-1089C-4-3,85-86.5					12.0	
31.58	200.06	177-1089C-4-3,90-91.5	2.43	0.28			9.5	
31.63	200.63	177-1089C-4-3,95-96.5					0.8	
31.68	201.20	177-1089C-4-3,100-101.5					0.6	69.2
31.73	201.77	177-1089C-4-3,105-106.5	2.64	0.06			0.0	
31.78	202.34	177-1089C-4-3,110-111.5					0.0	
31.83	202.91	177-1089C-4-3,115-116.5					0.2	
31.88	203.47	177-1089C-4-3,120-121.5					1.8	
31.93	204.04	177-1089C-4-3,125-126.5					4.8	66.0
31.98	204.62	177-1089C-4-3,130-131.5	2.46	0.41			3.3	
32.03	205.25	177-1089C-4-3,135-136.5					4.6	
32.08	205.88	177-1089C-4-3,140-141.5	2.55	0.63			4.2	
32.13	206.52	177-1089C-4-3,145-146.5					4.8	
32.18	207.15	177-1089C-4-4,0-1.5	2.61	0.60			5.7	48.8
32.23	207.78	177-1089C-4-4,5-6.5	2.36	0.27			4.8	
32.28	208.42	177-1089C-4-4,10-11.5	2.46	0.22			6.4	
32.33	209.05	177-1089C-4-4,15-16.5	2.35	0.62			10.7	
32.38	209.68	177-1089C-4-4,20-21.5	2.42	0.61			12.6	
32.43	210.32	177-1089C-4-4,25-26.5	2.19	0.35			16.3	91.4
32.48	210.95	177-1089C-4-4,30-31.5					20.9	
32.53	211.58	177-1089C-4-4,35-36.5					23.3	
32.58	212.22	177-1089C-4-4,40-41.5	2.08	0.18			26.3	
32.63	212.85	177-1089C-4-4,45-46.5	1.94	0.10			27.7	
32.68	213.48	177-1089C-4-4,50-51.5	2.45	0.31			30.5	78.9
32.73	214.12	177-1089C-4-4,55-56.5	2.02	0.66			33.3	
32.78	214.75	177-1089C-4-4,60-61.5	2.41	0.64			34.4	
32.83	215.38	177-1089C-4-4,65-66.5	2.36	0.72			36.1	
32.88	216.01	177-1089C-4-4,70-71.5					37.2	
32.93	216.54	177-1089C-4-4,75-76.5	2.31	0.60			40.7	65.9
32.98	217.03	177-1089C-4-4,80-81.5	2.39	0.27			44.6	
33.03	217.53	177-1089C-4-4,85-86.5	2.37	0.43	2.80	-0.50	43.2	
33.08	218.02	177-1089C-4-4,90-91.5	2.29	0.10			41.6	
33.13	218.51	177-1089C-4-4,95-96.5	2.24	0.44	2.88	-0.60	39.0	
33.18	219.01	177-1089C-4-4,100-101.5	2.48	0.34	3.04	-0.51	37.3	77.1
33.23	219.50	177-1089C-4-4,105-106.5	2.72	0.46			39.0	
33.28	220.00	177-1089C-4-4,110-111.5	2.71	0.51	3.11	-0.71	33.2	
33.33	220.49	177-1089C-4-4,115-116.5			3.32	-0.68	27.9	
33.38	220.98	177-1089C-4-4,120-121.5					23.1	
33.43	221.48	177-1089C-4-4,125-126.5	2.59	-0.18	3.33	-0.86	20.3	71.2
33.48	221.97	177-1089C-4-4,130-131.5	2.70	-0.06			19.6	
33.53	222.46	177-1089C-4-4,135-136.5	2.64	-0.31	3.44	-1.09	17.7	
33.58	222.96	177-1089C-4-4,140-141.5	2.71	-0.15			17.3	
33.63	223.45	177-1089C-4-4,145-146.5					16.8	
33.68	223.94	177-1089C-4-5,0-1.5	3.04	-0.06			18.3	65.7
33.73	224.44	177-1089C-4-5,5-6.5					10.9	
33.78	224.93	177-1089C-4-5,10-11.5	3.01	0.11	3.56	-0.80	7.8	
33.83	225.36	177-1089C-4-5,15-16.5					10.3	
33.88	225.71	177-1089C-4-5,20-21.5	2.84	0.16	3.54	-0.53	12.6	
33.93	226.06	177-1089C-4-5,25-26.5					15.8	57.2
33.98	226.41	177-1089C-4-5,30-31.5	3.03	0.00			17.3	
34.03	226.77	177-1089C-4-5,35-36.5	2.94	0.16	3.58	-0.88	19.9	
34.08	227.12	177-1089C-4-5,40-41.5	2.94	0.22	3.58	-0.87	25.4	
34.13	227.47	177-1089C-4-5,45-46.5	2.76	-0.11			28.5	
34.18	227.82	177-1089C-4-5,50-51.5	3.02	0.47	3.62	-0.65	29.5	
34.25	228.31	177-1089B-4-3,115-116.5	2.68	-0.15	3.55	-0.77	29.0	
34.30	228.67	177-1089B-4-3,119-120.5	2.91	0.20	3.54	-0.68	26.9	
34.35	229.02	177-1089B-4-3,125-126.5	2.86	0.16	3.48	-0.64	19.0	
34.40	229.37	177-1089B-4-3,129-130.5			3.40	-0.52	8.3	
34.45	229.72	177-1089B-4-3,135-136.5					1.3	17.9
34.50	230.07	177-1089B-4-3,140-141.5	2.62	0.06			0.1	
34.55	230.43	177-1089B-4-3,144-145.5					0.8	
34.60	230.78	177-1089B-4-4,0-1.5	2.72	0.12			1.6	
34.65	231.13	177-1089B-4-4,5-6.5	2.62	0.09			6.9	
34.70	231.48	177-1089B-4-4,9-10.5	2.74	0.16			10.7	67.6
34.75	231.82	177-1089B-4-4,15-16.5					13.5	
34.80	232.14	177-1089B-4-4,19-20.5	2.70	0.26	3.49	-0.62	10.8	
34.85	232.47	177-1089B-4-4,25-26.5			3.42	-0.70	11.8	
34.90	232.79	177-1089B-4-4,29-30.5	2.39	-0.29			8.9	
34.95	233.11	177-1089B-4-4,35-36.5					4.2	24.6
35.00	233.44	177-1089B-4-4,40-41.5	2.40	-0.02			7.6	
35.05	233.76	177-1089B-4-4,45-46.5					8.9	
35.10	234.09	177-1089B-4-4,49-50.5	2.72	0.12	3.49	-0.44	10.1	
35.15	234.41	177-1089B-4-4,55-56.5					13.4	
35.20	234.73	177-1089B-4-4,59-60.5	2.28	0.02			12.5	57.7
35.25	235.06	177-1089B-4-4,65-66.5	2.47	0.26	3.29	-0.72	12.5	
35.30	235.38	177-1089B-4-4,69-70.5	2.44	0.15	3.20	-0.60	11.0	
35.35	235.70	177-1089B-4-4,75-76.5	2.51	0.27	3.34	-0.57	14.2	
35.40	236.03	177-1089B-4-4,79-80.5	2.41	-0.05	3.30	-0.61	14.3	
35.45	236.35	177-1089B-4-4,85-86.5	2.50	-0.05			10.9	74.7
35.50	236.68	177-1089B-4-4,90-91.5	2.26	0.19			14.9	
35.55	237.00	177-1089B-4-4,95-96.5	2.75	0.33	2.88	-0.54	14.9	
35.60	237.32	177-1089B-4-4,99-100.5	2.35	0.41	3.05	-0.31	17.8	
35.65	237.68	177-1089B-4-4,105-106.5	2.35	0.37	3.01	-0.44	20.0	
35.70	238.12	177-1089B-4-4,109-110.5	2.30	0.50	2.89	-0.18	28.8	80.1
35.75	238.56	177-1089B-4-4,115-116.5	2.29	0.61			30.9	
35.80	239.00	177-1089B-4-4,119-120.5	2.50	0.74			34.2	
35.85	239.44	177-1089B-4-4,125-126.5	2.41	0.60	2.86	-0.27	37.3	
35.90	239.88	177-1089B-4-4,129-130.5	2.45	0.32	2.70	-0.33	38.5	
35.95	240.32	177-1089B-4-4,135-136.5	2.35	0.64	2.73	-0.86	37.2	65.2
36.00	240.76	177-1089B-4-4,140-141.5	2.39	0.49	2.68	-0.71	40.7	
36.05	241.20	177-1089B-4-4,145-146.5					40.2	
36.10	241.64	177-1089B-4-5,0-1.5	2.14	0.42	2.59	-0.30	42.9	
36.15	242.08	177-1089B-4-5,5-6.5	2.07	0.22	2.50	-0.42	44.1	
36.20	242.51	177-1089B-4-5,9-10.5	2.27	0.30	2.58	-0.41	45.1	
36.25	242.95	177-1089B-4-5,15-16.5	2.18	-0.05	2.71	-0.03	48.3	43.3
36.30	243.39	177-1089B-4-5,19-20.5	2.21	-0.06			52.5	
36.35	243.83	177-1089B-4-5,25-26.5	2.02	-0.31			50.3	
36.40	244.27	177-1089B-4-5,29-30.5	2.12	-0.35			54.3	
36.45	244.71	177-1089B-4-5,35-36.5			3.15	-0.61	52.8	
36.50	245.15	177-1089B-4-5,40-41.5	2.22	-0.18			52.1	63.4
36.55	245.58	177-1089B-4-5,45-46.5	2.79	0.10	3.45	-0.65	47.0	
36.60	246.00	177-1089B-4-5,49-50.5	2.71	-0.15	3.51	-0.43	50.3	
36.65	246.42	177-1089B-4-5,55-56.5	2.99	0.24	3.51	-0.85	51.1	
36.70	246.83	177-1089B-4-5,59-60.5	3.07	0.21	3.59	-0.47	49.8	
36.75	247.25	177-1089B-4-5,65-66.5	2.98	-0.09	3.67	-0.59	52.9	26.1
36.80	247.66	177-1089B-4-5,69-70.5	2.74	0.02	3.64	-0.70	51.5	
36.85	248.07	177-1089B-4-5,75-76.5	2.96	-0.09	3.62	-0.71	50.7	
36.90	248.49	177-1089B-4-5,79-80.5	2.84	-0.06	3.53	-0.81	49.6	
36.95	248.90	177-1089B-4-5,85-86.5	2.91	-0.07	3.52	-0.90	40.2	
37.00	249.32	177-1089B-4-5,90-91.5	2.77	-0.28	3.58	-0.61	36.6	23.4
37.05	249.73	177-1089B-4-5,95-96.5	3.00	-0.09	3.65	-0.76	34.9	
37.10	250.14	177-1089B-4-5,99-100.5	2.76	-0.41	3.58	-0.87	37.2	
37.15	250.56	177-1089B-4-5,105-106.5	3.06	-0.32	3.67	-0.98	40.6	
37.20	250.97	177-1089B-4-5,109-110.5	2.79	-0.57	3.68	-0.86	45.3	
37.25	251.39	177-1089B-4-5,115-116.5			3.78	-0.84	46.4	34.9
37.30	251.80	177-1089B-4-5,119-120.5	2.73	-0.39	3.79	-0.85	43.4	
37.35	252.22	177-1089B-4-5,125-126.5	3.08	-0.39	3.67	-0.90	34.6	
37.40	252.65	177-1089B-4-5,129-130.5	2.89	-0.53	3.85	-1.15	34.7	
37.45	253.08	177-1089B-4-5,135-136.5	2.72	-0.52	3.74	-1.00	32.3	
37.50	253.51	177-1089B-4-5,140-141.5	3.01	-0.15	3.67	-1.06	33.7	39.1
37.55	253.94	177-1089B-4-5,145-146.5	3.03	-0.43			35.8	
37.60	254.38	177-1089B-4-6,0-1.5	2.98	-0.08	3.66	-0.58	37.3	
37.65	254.82	177-1089B-4-6,5-6.5	2.81	-0.12	3.86	-1.12	37.9	
37.70	255.27	177-1089B-4-6,9-10.5	3.01	-0.11	3.82	-0.88	37.0	
37.75	255.72	177-1089B-4-6,15-16.5	2.98	-0.19			39.8	17.2
37.80	256.17	177-1089B-4-6,19-20.5	2.68	-0.50	3.75	-0.64	41.2	
37.85	256.63	177-1089B-4-6,25-26.5	2.95	-0.18			41.6	
37.90	257.09	177-1089B-4-6,29-30.5	2.89	-0.29	3.79	-0.98	40.2	
37.95	257.55	177-1089B-4-6,35-36.5	2.79	-0.43			43.4	
38.00	258.01	177-1089B-4-6,40-41.5	3.26	-0.17	3.74	-0.93	42.8	60.6
38.05	258.48	177-1089B-4-6,45-46.5	3.19	-0.01	3.76	-1.10	46.3	
38.10	258.95	177-1089B-4-6,49-50.5	3.11	0.08			47.8	
38.12	263.04	177-1089C-5-1,110-111.5	2.83	-0.28	3.89	-0.96	46.4	
38.17	263.31	177-1089C-5-1,115-116.5	2.93	-0.19	3.92	-1.08	48.2	
38.22	263.57	177-1089C-5-1,120-121.5	3.00	-0.21	3.94	-0.81	49.6	
38.27	263.84	177-1089C-5-1,125-126.5	2.95	-0.05	3.87	-0.45	49.3	43.3
38.32	264.11	177-1089C-5-1,130-131.5	2.91	-0.11	3.88	-0.30	49.4	
38.37	264.37	177-1089C-5-1,135-136.5	3.03	0.19	3.77	-0.69	49.8	
38.42	264.64	177-1089C-5-1,140-141.5	3.23	0.37	3.86	-1.03	46.4	
38.47	264.91	177-1089C-5-1,145-146.5	2.88	-0.10			47.3	30.3
38.52	265.17	177-1089C-5-2,0-1.5	3.07	0.39	3.75	-0.59	46.8	
38.57	265.44	177-1089C-5-2,5-6.5	3.00	0.07	3.85	-0.85	48.4	42.5
38.62	265.71	177-1089C-5-2,10-11.5	2.83	-0.13	3.74	-0.48	53.5	
38.67	265.97	177-1089C-5-2,15-16.5	2.87	-0.26	3.79	-0.66	49.8	
38.72	266.24	177-1089C-5-2,20-21.5	2.96	-0.13	3.83	-0.59	45.9	
38.77	266.51	177-1089C-5-2,25-26.5	3.01	-0.03	3.84	-0.95	46.3	60.8
38.82	266.77	177-1089C-5-2,30-31.5	2.63	-0.48	4.10	-1.15	45.7	
38.87	267.04	177-1089C-5-2,35-36.5	3.03	0.02	3.72	-0.92	48.8	
38.92	267.31	177-1089C-5-2,40-41.5	2.77	-0.14	3.84	-0.78	47.9	
38.97	267.57	177-1089C-5-2,45-46.5	3.07	-0.11	3.83	-0.91	48.6	35.4
39.02	267.84	177-1089C-5-2,50-51.5			3.89	-1.13	47.8	
39.07	268.11	177-1089C-5-2,55-56.5	2.98	-0.08	3.86	-0.66	48.9	
39.12	268.37	177-1089C-5-2,60-61.5	3.06	-0.03	3.92	-0.52	48.8	
39.17	268.64	177-1089C-5-2,65-66.5	3.08	-0.30	3.99	-1.00	45.4	28.8
39.22	268.91	177-1089C-5-2,70-71.5	3.12	0.02	3.88	-0.93	43.3	
39.27	269.17	177-1089C-5-2,75-76.5	2.95	-0.49	3.86	-0.81	47.3	
39.32	269.44	177-1089C-5-2,80-81.5	2.74	-0.72	3.87	-0.68	49.3	
39.37	269.71	177-1089C-5-2,85-86.5	3.00	-0.48	3.86	-0.79	40.9	40.5
39.42	269.97	177-1089C-5-2,90-91.5	3.21	0.16	4.06	-0.75	48.3	
39.47	270.24	177-1089C-5-2,95-96.5	3.28	-0.01	3.69	-0.69	44.0	
39.52	270.51	177-1089C-5-2,100-101.5	3.15	-0.33	3.77	-1.21	39.0	
39.57	270.77	177-1089C-5-2,105-106.5	3.19	-0.29			35.2	46.0
39.62	271.04	177-1089C-5-2,110-111.5	2.96	-0.22	3.66	-1.27	29.3	
39.67	271.31	177-1089C-5-2,115-116.5			3.86	-0.97	29.0	
39.72	271.57	177-1089C-5-2,120-121.5	2.86	-0.87	3.87	-1.20	27.5	
39.77	271.84	177-1089C-5-2,125-126.5	2.87	-0.79	3.82	-1.26	26.8	30.1
39.82	272.11	177-1089C-5-2,130-131.5	2.81	-0.49	3.75	-1.43	18.3	
39.87	272.37	177-1089C-5-2,135-136.5	2.58	-0.83	3.87	-1.30	15.4	
39.92	272.64	177-1089C-5-2,140-141.5	2.90	-0.25	3.86	-1.68	10.3	
39.97	272.91	177-1089C-5-2,145-145.5	2.85	-0.61	3.82	-1.68	10.2	46.9
40.11	273.65	177-1089B-5-2,15-16.5	2.82	-0.14	3.91	-1.26	5.6	
40.20	274.13	177-1089B-5-2,24-25.5	2.78	-0.34	3.88	-1.14	5.3	35.2
40.26	274.45	177-1089B-5-2,30-31.5			3.88	-1.01	6.8	
40.30	274.67	177-1089B-5-2,34-35.5	2.92	-0.35	3.86	-1.54	7.8	
40.36	274.99	177-1089B-5-2,40-41.5			3.86	-1.37	8.9	
40.40	275.20	177-1089B-5-2,44-45.5	2.89	-0.13	3.87	-1.63	7.5	36.3
40.46	275.52	177-1089B-5-2,50-51.5	2.74	-0.21	3.97	-1.71	8.9	
40.51	275.79	177-1089B-5-2,55-56.5	2.93	0.12			10.5	
40.56	276.05	177-1089B-5-2,60-61.5	2.58	-0.59	3.81	-1.30	8.8	
40.60	276.27	177-1089B-5-2,64-65.5			3.88	-1.09	4.8	5.4
40.66	276.59	177-1089B-5-2,70-71.5	2.66	-0.12			3.7	
40.70	276.80	177-1089B-5-2,74-75.5			3.72	-1.38	5.6	
40.76	277.12	177-1089B-5-2,80-81.5			3.67	-0.27	7.8	
40.80	277.33	177-1089B-5-2,84-85.5			3.86	-1.02	7.7	16.6
40.86	277.65	177-1089B-5-2,90-91.5			3.59	-0.76	4.7	
40.90	277.87	177-1089B-5-2,94-95.5	2.39	-0.15	3.70	-0.95	1.9	
40.96	278.19	177-1089B-5-2,100-101.5					1.5	
41.01	278.45	177-1089B-5-2,105-106.5					0.4	30.8
41.06	278.72	177-1089B-5-2,110-111.5					0.6	
41.10	278.93	177-1089B-5-2,114-115.5					1.2	
41.16	279.25	177-1089B-5-2,120-121.5			3.69	-1.20	2.1	
41.20	279.47	177-1089B-5-2,124-125.5					0.6	18.4
41.26	279.79	177-1089B-5-2,130-131.5					0.0	
41.30	280.00	177-1089B-5-2,134-135.5			3.59	-0.87	0.8	
41.36	280.32	177-1089B-5-2,140-141.5			3.86	-1.39	0.9	
41.40	280.53	177-1089B-5-2,144-145.5					0.8	
41.42	280.64	177-1089B-5-2,145.5-147			3.72	-0.70	0.3	
41.46	280.85	177-1089B-5-3,0-1.5			3.73	-0.74	3.6	
41.51	281.12	177-1089B-5-3,5-6.5	2.64	-0.31	3.61	-1.02	6.2	20.0
41.56	281.39	177-1089B-5-3,10-11.5			3.54	-0.52	7.3	
41.60	281.60	177-1089B-5-3,14-15.5	2.17	-0.27	3.59	0.11	8.4	
41.66	281.92	177-1089B-5-3,20-21.5			3.62	-0.52	7.8	
41.70	282.13	177-1089B-5-3,24-25.5			3.57	0.21	3.1	7.7
41.76	282.45	177-1089B-5-3,30-31.5					2.5	
41.80	282.67	177-1089B-5-3,34-35.5					0.8	
41.86	282.99	177-1089B-5-3,40-41.5	2.46	0.07			1.8	
41.90	283.20	177-1089B-5-3,44-45.5			3.33	-1.45	7.5	
41.96	283.52	177-1089B-5-3,50-51.5			3.46	-0.56	10.6	
42.01	283.79	177-1089B-5-3,55-56.5			3.50	-0.91	10.9	
42.06	284.05	177-1089B-5-3,60-61.5			3.51	-0.55	13.1	
42.10	284.27	177-1089B-5-3,64-65.5			3.45	-0.16	8.4	51.5
42.16	284.59	177-1089B-5-3,70-71.5			3.40	-0.50	12.1	
42.20	284.80	177-1089B-5-3,74-75.5	2.54	0.50			8.1	
42.26	285.12	177-1089B-5-3,80-81.5	2.53	0.71	3.43	-0.34	15.2	
42.30	285.33	177-1089B-5-3,84-85.5	2.48	0.40	3.29	-0.20	14.9	39.5
42.36	285.65	177-1089B-5-3,90-91.5			3.30	-0.73	14.0	
42.40	285.87	177-1089B-5-3,94-95.5			3.31	-0.12	14.0	
42.46	286.19	177-1089B-5-3,100-101.5	2.30	0.01	3.22	-0.19	20.1	
42.51	286.45	177-1089B-5-3,105-106.5			3.22	-0.14	24.7	60.1
42.56	286.72	177-1089B-5-3,110-111.5			3.20	-0.48	29.3	
42.60	286.93	177-1089B-5-3,114-115.5	2.19	0.51	3.21	-0.37	34.3	
42.66	287.25	177-1089B-5-3,120-121.5	1.71	0.01	3.07	-0.19	36.8	
42.70	287.47	177-1089B-5-3,124-125.5	2.27	0.46	3.08	-0.12	39.4	54.5
42.76	287.79	177-1089B-5-3,130-131.5	2.62	0.62	3.08	-0.48	40.2	
42.80	288.00	177-1089B-5-3,134-135.5	2.13	-0.07	3.17	-0.45	43.0	
42.86	288.41	177-1089B-5-3,140-141.5	2.01	-0.19	3.18	-0.44	45.6	
42.90	288.69	177-1089B-5-3,144-146.5	2.47	0.74	3.13	-0.59	45.7	65.2
42.96	289.10	177-1089B-5-4,0-1.5	2.42	0.51	3.21	-0.72	39.6	
43.00	289.38	177-1089B-5-4,4-5.5			3.26	-0.69	29.8	70.7
43.06	289.79	177-1089B-5-4,10-11.5			3.52	-0.74	19.1	
43.10	290.07	177-1089B-5-4,14-15.5	2.59	-0.11	3.40	-0.79	17.6	
43.16	290.48	177-1089B-5-4,20-21.5			3.64	-0.99	20.7	
43.20	290.76	177-1089B-5-4,24-25.5	2.00	-0.40			23.1	15.7
43.26	291.17	177-1089B-5-4,30-31.5	2.35	-0.16	3.39	-0.52	16.3	
43.30	291.45	177-1089B-5-4,34-35.5	2.28	-0.08	3.45	-0.97	19.8	
43.36	291.86	177-1089B-5-4,40-41.5			3.43	-0.62	15.4	
43.40	292.14	177-1089B-5-4,44-45.5			3.66	-0.46	13.8	68.9
43.46	292.55	177-1089B-5-4,50-51.5	2.54	-0.31	3.47	-0.69	9.8	
43.51	292.90	177-1089B-5-4,55-56.5			3.53	-1.04	9.4	
43.56	293.24	177-1089B-5-4,60-61.5			3.48	-1.06	11.8	
43.60	293.52	177-1089B-5-4,64-65.5	2.49	-0.17	3.54	-0.74	15.3	47.0
43.66	293.93	177-1089B-5-4,70-71.5	2.71	-0.02	3.54	-0.98	13.3	
43.70	294.21	177-1089B-5-4,74-75.5			3.56	-0.58	11.3	
43.76	294.62	177-1089B-5-4,80-81.5	2.39	0.03			2.3	
43.80	294.90	177-1089B-5-4,84-85.5	2.46	-0.19	3.58	-0.10	3.1	21.7
43.86	295.31	177-1089B-5-4,90-91.5	2.25	-0.22			3.8	
43.90	295.59	177-1089B-5-4,94-95.5	2.10	-0.29	3.52	-0.64	6.2	
43.96	296.00	177-1089B-5-4,100-101.5	2.46	0.25	3.62	-0.95	9.8	
44.01	296.18	177-1089B-5-4,105-106.5			3.09	-1.23	15.8	43.2
44.06	296.36	177-1089B-5-4,110-111.5			3.61	-0.49	16.4	
44.10	296.51	177-1089B-5-4,114-115.5			3.54	-0.85	21.6	
44.16	296.73	177-1089B-5-4,120-121.5			3.60	-0.78	16.9	
44.20	296.87	177-1089B-5-4,124-125.5			3.61	-0.40		
44.26	297.09	177-1089B-5-4,130-131.5			3.61	-0.47		
44.30	297.24	177-1089B-5-4,134-135.5			3.64	-0.71		
44.36	297.45	177-1089B-5-4,140-141.5			3.54	-0.59		
44.40	297.60	177-1089B-5-4,144-145.5			3.56	-0.53	5.7	
44.46	297.82	177-1089B-5-5,0-1.5					0.3	
44.50	297.96	177-1089B-5-5,4-5.5	2.76	0.17	3.36	-0.35	3.3	28.9
44.56	298.18	177-1089B-5-5,10-11.5					0.9	
44.60	298.33	177-1089B-5-5,14-15.5					1.3	
44.66	298.55	177-1089B-5-5,20-21.5					4.0	
44.70	298.69	177-1089B-5-5,24-25.5	2.30	-0.15	3.45	-0.79	5.8	37.5
44.76	298.91	177-1089B-5-5,30-31.5			3.46	-0.63	6.5	
44.80	299.05	177-1089B-5-5,34-35.5			3.46	-0.38	5.4	
44.86	299.27	177-1089B-5-5,40-41.5			3.51	-0.50	7.9	
44.90	299.42	177-1089B-5-5,44-45.5			3.41	-0.14	9.1	
44.96	299.64	177-1089B-5-5,50-51.5			3.40	-0.07	12.4	
45.01	299.82	177-1089B-5-5,55-56.5	2.54	-0.29			9.4	
45.06	300.00	177-1089B-5-5,60-61.5	2.29	0.30	3.45	-0.51	17.6	
45.10	300.15	177-1089B-5-5,64-65.5	2.03	0.09			16.6	22.4
45.16	300.36	177-1089B-5-5,70-71.5	2.22	0.09	3.31	-0.18	17.9	
45.20	300.51	177-1089B-5-5,74-75.5	2.18	0.37	3.27	-0.24	17.3	
45.26	300.73	177-1089B-5-5,80-81.5					4.8	56.9
45.30	300.87	177-1089B-5-5,84-85.5	2.48	0.71	3.37	-0.97	5.1	
45.36	301.09	177-1089B-5-5,90-91.5					3.8	
45.40	301.24	177-1089B-5-5,94-95.5			3.29	-0.32	6.2	
45.46	301.45	177-1089B-5-5,100-101.5			3.31	-0.43	9.8	10.6
45.51	301.64	177-1089B-5-5,105-106.5			3.56	-0.11	15.8	
45.56	301.82	177-1089B-5-5,110-111.5	2.43	0.22	3.38	-0.48	16.4	
45.60	301.96	177-1089B-5-5,114-115.5	2.34	0.26	3.42	-0.15	21.6	
45.66	302.18	177-1089B-5-5,120-121.5	2.02	0.10	3.30	-0.11	16.9	36.8
45.71	302.36	177-1089B-5-5,124-126	2.00	-0.15	3.28	-0.48	18.8	
45.76	302.55	177-1089B-5-5,130-132			3.34	-0.23	10.8	
45.81	302.73	177-1089B-5-5,134-136	2.16	0.35			14.9	
45.86	302.91	177-1089B-5-5,140-142			3.24	-0.20	14.8	82.5
45.91	303.09	177-1089B-5-5,144-146			3.28	-0.63	14.3	
46.01	303.45	177-1089B-5-6,5-6.5	1.85	-0.23	3.08	-0.41	18.5	
46.06	303.64	177-1089B-5-6,10-11.5	1.85	-0.01	3.17	-0.24	15.5	
46.11	303.82	177-1089B-5-6,14-15.5	2.02	0.35	3.19	-0.24	11.6	71.4
46.16	304.00	177-1089B-5-6,20-21.5	2.01	0.37	3.12	-0.76	10.3	
46.21	304.48	177-1089B-5-6,24-25.5	2.08	-0.34	3.07	-0.69	15.8	
46.26	304.97	177-1089B-5-6,30-31.5	2.19	0.27	3.09	-0.59	9.9	
46.31	305.45	177-1089C-6-1,115-116.5	1.83	-0.09	2.98	-0.59	5.0	87.9
46.36	305.94	177-1089C-6-1,120-121.5			2.93	-0.12	4.4	
46.41	306.42	177-1089C-6-1,125-126.5	2.21	0.41	2.88	-0.27	12.2	
46.46	306.90	177-1089C-6-1,130-131.5					5.8	73.6
46.51	307.39	177-1089C-6-1,135-136.5					0.2	
46.56	307.87	177-1089C-6-1,140-141.5					-0.3	
46.61	308.35	177-1089C-6-1,145-146.5					-0.3	
46.66	308.84	177-1089C-6-1,148.5-150					-0.3	100.0
46.71	309.32	177-1089C-6-2,5-6.5					-0.3	
46.76	309.81	177-1089C-6-2,10-11.5					-0.2	
46.81	310.29	177-1089C-6-2,15-16.5					-0.1	
46.86	310.77	177-1089C-6-2,20-21.5					0.4	75.0
46.91	311.26	177-1089C-6-2,25-26.5					-0.3	
46.96	311.74	177-1089C-6-2,30-31.5					-0.3	
47.01	312.23	177-1089C-6-2,35-36.5					0.0	
47.06	312.71	177-1089C-6-2,40-41.5					-0.2	26.4
47.11	313.19	177-1089C-6-2,45-46.5	1.99	-0.01			1.1	
47.16	313.68	177-1089C-6-2,50-51.5					0.3	
47.21	314.16	177-1089C-6-2,55-56.5					0.4	
47.26	314.65	177-1089C-6-2,60-61.5					0.3	79.2
47.31	315.13	177-1089C-6-2,65-66.5	2.05	0.49			0.6	
47.36	315.61	177-1089C-6-2,70-71.5					1.6	
47.41	316.10	177-1089C-6-2,75-76.5			2.74	-0.21	4.2	
47.46	316.58	177-1089C-6-2,80-81.5					3.2	92.3
47.51	317.06	177-1089C-6-2,85-86.5					4.3	
47.56	317.55	177-1089C-6-2,90-91.5			2.66	-0.82	6.5	
47.61	318.03	177-1089C-6-2,95-96.5					4.6	
47.66	318.52	177-1089C-6-2,100-101.5					4.8	89.8
47.71	319.00	177-1089C-6-2,105-106.5					3.5	
47.76	319.48	177-1089C-6-2,110-111.5					4.0	
47.81	319.97	177-1089C-6-2,115-116.5					5.9	
47.86	320.45	177-1089C-6-2,120-121.5			2.44	-1.46	10.1	67.5
47.91	320.94	177-1089C-6-2,125-126.5					10.4	
47.96	321.42	177-1089C-6-2,130-131.5			2.58	0.07	10.9	
48.01	321.90	177-1089C-6-2,135-136.5					11.6	
48.06	322.39	177-1089C-6-2,140-141.5					12.1	95.2
48.11	322.87	177-1089C-6-2,145-146.5			2.71	-0.22	13.8	
48.16	323.35	177-1089C-6-2,148-150					14.6	
48.21	323.84	177-1089C-6-3,4-5.5			2.51	-0.88	16.4	
48.26	324.32	177-1089C-6-3,10-11.5			2.52	-0.13	15.9	98.4
48.31	324.81	177-1089C-6-3,14-15.5					17.2	
48.36	325.29	177-1089C-6-3,20-21.5					16.4	
48.41	325.77	177-1089C-6-3,24-25.5			2.63	-0.06	17.8	
48.46	326.26	177-1089C-6-3,30-31.5			2.43	0.05	20.8	87.5
48.51	326.74	177-1089C-6-3,35-36.5					24.5	
48.56	327.23	177-1089C-6-3,40-41.5					24.5	
48.61	327.71	177-1089C-6-3,45-46.5					29.2	
48.66	328.19	177-1089C-6-3,50-51.5			2.32	-0.61	34.3	75.8
48.71	328.68	177-1089C-6-3,54-55.5			2.39	-0.31	38.6	
48.76	329.16	177-1089C-6-3,60-61.5			2.69	-0.52	43.3	
48.81	329.65	177-1089C-6-3,64-65.5			2.52	-0.45	46.8	
48.86	330.13	177-1089C-6-3,70-71.5	1.88	0.27	2.62	-0.61	51.5	54.9
48.91	330.61	177-1089C-6-3,74-75.5			2.48	-0.91	54.2	
48.96	331.10	177-1089C-6-3,80-81.5			2.71	-0.48	53.1	
49.01	331.58	177-1089C-6-3,85-86.5			2.72	-0.42	55.3	
49.06	332.06	177-1089C-6-3,90-91.5			2.78	-0.45	54.1	41.8
49.11	332.55	177-1089C-6-3,94-95.5			2.95	-0.55	51.0	
49.16	333.03	177-1089C-6-3,100-101.5			3.02	-0.45	54.6	
49.21	333.52	177-1089C-6-3,104-105.5			3.17	-0.73	53.8	
49.26	334.00	177-1089C-6-3,110-111.5			3.18	-0.63	52.0	65.9
49.31	334.18	177-1089C-6-3,114-115.5					53.3	
49.36	334.35	177-1089C-6-3,120-121.5			3.39	-0.28	52.7	
49.41	334.53	177-1089C-6-3,124-125.5			3.25	-0.56	52.9	
49.46	334.71	177-1089C-6-3,130-131.5			3.48	-1.26	49.3	70.5
49.51	334.88	177-1089C-6-3,135-136.5	1.97	-0.95	3.52	-1.09	48.4	
49.56	335.06	177-1089C-6-3,140-141.5			3.42	-0.46	50.8	
49.61	335.24	177-1089C-6-3,145-146.5			3.79	-0.57	50.7	
49.66	335.41	177-1089C-6-3,148.5-150	2.59	-0.06	3.70	-1.04	49.3	66.5
49.71	335.59	177-1089C-6-4,4-5.5	2.48	-0.17	3.74	-0.45	46.2	
49.76	335.76	177-1089C-6-4,10-11.5	2.65	-0.51	3.86	-0.25	43.7	
49.81	335.94	177-1089C-6-4,14-15.5			3.98	-0.83	41.6	
49.86	336.12	177-1089C-6-4,20-21.5	2.68	-0.58	3.91	-1.20	40.2	38.2
49.91	336.29	177-1089C-6-4,24-25.5	2.75	-0.44	3.89	-0.99	40.7	
49.96	336.47	177-1089C-6-4,30-31.5	2.78	-0.28	3.89	-0.97	38.2	
50.01	336.65	177-1089C-6-4,35-36.5	2.75	-0.55	3.89	-1.35	36.9	
50.06	336.82	177-1089C-6-4,40-41.5	2.78	-0.76	3.89	-0.99	37.0	60.3
50.11	337.00	177-1089C-6-4,44-45.5			3.91	-1.30	35.0	
50.16	337.18	177-1089C-6-4,50-51.5	2.45	-0.36	4.04	-1.30	33.9	
50.21	337.35	177-1089C-6-4,54-55.5	2.77	-0.72	3.95	-1.34	30.0	
50.26	337.53	177-1089C-6-4,60-61.5	2.80	-0.75	4.06	-1.29	29.8	17.9
50.31	337.71	177-1089C-6-4,64-65.5	2.80	-0.80	4.09	-1.55	28.8	
50.36	337.88	177-1089C-6-4,70-71.5	2.90	-0.40			28.2	
50.41	338.06	177-1089C-6-4,74-75.5	3.00	-0.18	4.10	-1.46	29.9	
50.46	338.24	177-1089C-6-4,80-81.5	2.39	-1.09	4.02	-1.29	33.8	19.5
50.51	338.41	177-1089C-6-4,85-86.5	2.63	-0.60	4.07	-1.41	36.3	
50.56	338.59	177-1089C-6-4,90-91.5	3.01	-0.24			37.7	
50.61	338.76	177-1089C-6-4,94-95.5	2.90	-0.45	4.15	-1.32	35.7	
50.66	338.94	177-1089C-6-4,100-101.5	3.18	-0.20	4.16	-1.35	37.9	18.8
50.71	339.12	177-1089C-6-4,104-105.5	3.40	0.43	4.05	-1.60	38.7	
50.81	339.47	177-1089C-6-4,114-115.5	3.08	0.00	3.99	-0.96	36.0	
50.86	339.65	177-1089C-6-4,120-121.5	3.36	0.06	4.15	-1.29	35.8	14.7
50.91	339.82	177-1089C-6-4,124-125.5	3.02	0.02	4.04	-0.37	37.3	
50.96	340.00	177-1089C-6-4,130-131.5			4.28	-0.78	34.0	
51.01	340.20	177-1089C-6-4,135-136.5	3.33	0.08	4.15	-1.15	36.7	
51.06	340.39	177-1089C-6-4,140-141.5	3.14	-0.09			35.3	44.2
51.11	340.59	177-1089C-6-4,144-145.5	3.36	0.12	4.23	-1.44	38.8	
51.16	340.79	177-1089C-6-4,148.5-150	3.09	-0.04	4.03	-1.36	39.6	
51.21	340.98	177-1089C-6-5,5-6.5	3.20	0.06	4.15	-1.04	38.6	
51.26	341.18	177-1089C-6-5,10-11.5			4.13	-1.26	37.3	16.9
51.31	341.38	177-1089C-6-5,14-15.5			4.18	-1.31	36.1	
51.35	341.54	177-1089B-6-2,15-16.5	3.37	-0.03			32.0	
51.40	341.73	177-1089B-6-2,19-20.5	3.15	-0.05			31.3	
51.45	341.93	177-1089B-6-2,25-26.5	2.96	-0.15			35.3	28.5
51.50	342.13	177-1089B-6-2,30-31.5	2.71	-0.31	4.08	-1.31	38.3	
51.55	342.32	177-1089B-6-2,35-36.5	3.30	0.49			38.3	
51.60	342.52	177-1089B-6-2,39-40.5	3.21	0.34	3.92	-1.05	38.6	
51.65	342.72	177-1089B-6-2,45-46.5	3.34	0.38	4.15	-0.74	39.8	27.4
51.70	342.91	177-1089B-6-2,49-50.5	3.30	0.39	4.10	-1.27	38.5	
51.75	343.11	177-1089B-6-2,55-56.5	3.48	0.30			38.5	
51.80	343.31	177-1089B-6-2,59-60.5	3.27	0.12	4.11	-0.74	38.5	
51.85	343.50	177-1089B-6-2,65-66.5	3.34	0.51	4.11	-1.08	39.3	28.6
51.90	343.70	177-1089B-6-2,69-70.5	3.57	0.66	4.18	-0.93	39.7	
51.95	343.90	177-1089B-6-2,75-76.5	3.46	0.71	3.98	-1.11	40.8	
52.00	344.09	177-1089B-6-2,79-80.5			4.10	-1.03	40.3	
52.05	344.29	177-1089B-6-2,85-86.5	3.25	0.45	4.03	-1.13	40.9	26.1
52.10	344.49	177-1089B-6-2,89-90.5	3.28	0.51	4.00	-1.36	38.9	
52.15	344.69	177-1089B-6-2,95-96.5	3.00	0.02	4.02	-1.23	42.6	
52.20	344.88	177-1089B-6-2,99-100.5	3.29	0.43	4.02	-0.80	45.4	
52.25	345.08	177-1089B-6-2,105-106.5	3.13	0.13	4.02	-1.18	43.2	24.7
52.30	345.28	177-1089B-6-2,109-110.5	3.10	0.25	3.90	-0.64	43.6	
52.35	345.47	177-1089B-6-2,115-116.5			3.90	-1.17	44.3	
52.40	345.67	177-1089B-6-2,119-120.5	3.11	0.44	3.91	-1.28	43.4	
52.45	345.87	177-1089B-6-2,125-126.5	2.96	0.09			44.4	29.2
52.50	346.06	177-1089B-6-2,129-130.5	3.20	0.41	4.02	-1.06	48.9	
52.55	346.26	177-1089B-6-2,135-136.5	3.08	0.04	3.93	-1.16	41.3	
52.60	346.46	177-1089B-6-2,139-140.5	2.91	0.13	3.82	-1.22	42.3	
52.65	346.65	177-1089B-6-2,145-146.5	2.99	0.06	3.93	-1.20	43.6	36.4
52.70	346.85	177-1089B-6-3,0-1.5	2.82	0.07	3.92	-0.92	47.8	
52.75	347.05	177-1089B-6-3,4-5.5	2.87	0.11	3.98	-0.95	48.3	
52.80	347.24	177-1089B-6-3,10-11.5	3.12	-0.03	3.88	-0.89	55.3	
52.85	347.44	177-1089B-6-3,15-16.5	3.23	0.25	4.00	-1.28	55.3	38.6
52.90	347.64	177-1089B-6-3,19-20.5	3.32	0.23	3.87	-0.97	54.2	
52.95	347.83	177-1089B-6-3,25-26.5	3.25	0.19	3.80	-0.88	48.5	
53.00	348.03	177-1089B-6-3,30-31.5	3.16	0.29	3.73	-1.21	49.1	
53.05	348.23	177-1089B-6-3,35-36.5	2.93	0.05	3.81	-1.14	52.5	40.6
53.10	348.43	177-1089B-6-3,39-40.5	3.07	-0.09	3.66	-0.79	50.8	
53.15	348.62	177-1089B-6-3,45-46.5	2.84	-0.01	3.68	-1.14	53.7	
53.20	348.82	177-1089B-6-3,49-50.5	2.88	0.25	3.79	-1.08	52.3	
53.25	349.02	177-1089B-6-3,55-56.5	2.90	0.06	3.65	-1.30	51.3	44.7
53.30	349.21	177-1089B-6-3,59-60.5	3.06	0.53	3.76	-1.22	47.9	
53.35	349.41	177-1089B-6-3,65-66.5	2.95	0.30	3.82	-1.17	45.7	
53.40	349.61	177-1089B-6-3,69-70.5	2.69	-0.26	3.71	-1.45	46.8	
53.45	349.80	177-1089B-6-3,75-76.5	2.98	0.18	3.75	-1.30	42.0	30.0
53.50	350.00	177-1089B-6-3,79-80.5	2.95	-0.05	3.65	-1.45	42.2	
53.55	350.34	177-1089B-6-3,85-86.5	3.09	-0.08	3.81	-0.95	43.0	
53.60	350.69	177-1089B-6-3,89-90.5	2.85	-0.04	3.70	-1.58	43.4	
53.65	351.03	177-1089B-6-3,95-96.5	2.77	-0.46	3.70	-1.23	41.5	44.1
53.70	351.38	177-1089B-6-3,99-100.5	2.78	-0.42	3.76	-1.13	38.4	
53.75	351.72	177-1089B-6-3,105-106.5	3.01	-0.01	3.71	-1.48	36.4	
53.80	352.07	177-1089B-6-3,109-110.5	2.85	-0.19	3.82	-1.13	35.5	
53.85	352.41	177-1089B-6-3,115-116.5	2.85	-0.74	3.79	-1.32	33.3	23.6
53.90	352.76	177-1089B-6-3,119-120.5	2.85	-0.54	3.83	-1.48	34.6	
53.95	353.10	177-1089B-6-3,125-126.5	3.04	-0.05	3.80	-1.15	34.8	
54.00	353.45	177-1089B-6-3,129-130.5	3.08	-0.15	3.82	-1.19	33.9	
54.05	353.79	177-1089B-6-3,135-136.5	2.78	-0.30	3.83	-1.01	33.7	35.3
54.10	354.14	177-1089B-6-3,139-140.5	2.94	-0.27	3.82	-1.61	33.3	
54.15	354.48	177-1089B-6-3,145-146.5	3.00	-0.54	3.94	1.10	29.9	
54.20	354.83	177-1089B-6-3,149-150			3.86	-1.30	31.3	
54.25	355.17	177-1089B-6-4,0-1.5	3.01	0.18	3.87	-1.25	29.3	44.0
54.25	355.21	177-1089B-6-4,4-5.5	2.96	-0.31	3.96	-0.61	28.9	
54.30	355.52	177-1089B-6-4,10-11.5	3.00	-0.28	3.85	-1.27	29.0	
54.35	355.86	177-1089B-6-4,15-16.5			3.92	-1.19	28.3	
54.40	356.21	177-1089B-6-4,19-20.5	3.07	-0.08			25.7	30.2
54.45	356.55	177-1089B-6-4,25-26.5	2.63	-0.50	3.75	-1.39	25.3	
54.50	356.90	177-1089B-6-4,30-31.5	2.50	-0.37			24.6	
54.55	357.24	177-1089B-6-4,35-36.5	2.93	-0.26	3.85	-1.44	19.6	
54.60	357.59	177-1089B-6-4,39-40.5	2.79	-0.55			18.2	36.7
54.65	357.93	177-1089B-6-4,45-46.5	2.86	-0.22	3.84	-0.83	16.9	
54.70	358.28	177-1089B-6-4,49-50.5	2.80	-0.31	3.91	-1.57	16.5	
54.75	358.62	177-1089B-6-4,55-56.5	2.94	0.33	3.98	-1.05	16.0	
54.80	358.97	177-1089B-6-4,59-60.5	2.92	0.19	3.83	-1.15	16.6	22.9
54.85	359.31	177-1089B-6-4,65-66.5	2.97	0.04	3.88	-1.08	16.6	
54.90	359.66	177-1089B-6-4,69-70.5	2.95	-0.08	3.75	-1.08	18.4	
54.95	360.00	177-1089B-6-4,75-76.5	2.91	-0.21	3.90	-1.20	18.4	
55.00	360.25	177-1089B-6-4,79-80.5	2.99	-0.05	3.85	-1.05	18.5	24.4
55.05	360.51	177-1089B-6-4,85-86.5	2.82	-0.44	3.90	-1.40	22.8	
55.10	360.76	177-1089B-6-4,89-90.5	3.19	0.41			25.3	
55.15	361.02	177-1089B-6-4,95-96.5			3.93	-1.24	28.0	
55.20	361.27	177-1089B-6-4,99-100.5	2.97	-0.07	3.88	-0.89	28.1	27.9
55.25	361.52	177-1089B-6-4,105-106.5	2.81	-0.21	3.90	-1.42	30.2	
55.30	361.78	177-1089B-6-4,109-110.5	3.03	-0.01	3.87	-1.26	28.6	
55.35	362.03	177-1089B-6-4,115-116.5	3.01	-0.02			26.7	
55.40	362.29	177-1089B-6-4,119-120.5	2.82	0.03			27.3	39.0
55.45	362.54	177-1089B-6-4,125-126.5			3.78	-1.46	29.5	
55.50	362.79	177-1089B-6-4,129-130.5	2.86	-0.32	3.72	-1.11	30.8	
55.55	363.05	177-1089B-6-4,135-136.5	3.04	0.12	3.80	-1.05	25.5	
55.60	363.30	177-1089B-6-4,139-140.5			3.77	-1.14	26.6	25.9
55.65	363.55	177-1089B-6-4,145-146.5	3.00	0.20	3.67	-0.77	27.3	
55.70	363.81	177-1089B-6-5,0-1.5			3.75	-1.32	23.8	
55.75	364.06	177-1089B-6-5,5-6.5	3.15	0.22	3.73	-1.08	18.9	
55.80	364.32	177-1089B-6-5,10-11.5	2.98	0.12	3.64	-1.21	17.6	27.3
55.85	364.57	177-1089B-6-5,15-16.5	3.04	0.41	3.64	-1.01	19.4	
55.90	364.82	177-1089B-6-5,20-21.5	3.07	0.63	3.65	-1.02	21.5	
55.95	365.08	177-1089B-6-5,25-26.5			3.70	-1.04	24.4	
56.00	365.33	177-1089B-6-5,30-31.5	3.00	0.57	3.73	-1.26	25.5	28.9
56.05	365.59	177-1089B-6-5,35-36.5	2.96	0.17	3.66	-1.30	25.6	
56.10	365.84	177-1089B-6-5,40-41.5	2.83	0.05	3.69	-0.96	24.3	
56.15	366.09	177-1089B-6-5,45-46.5	2.91	0.01	3.68	-0.98	26.4	
56.20	366.35	177-1089B-6-5,50-51.5	2.95	-0.13	3.66	-0.86	20.8	30.4
56.25	366.60	177-1089B-6-5,55-56.5	2.88	0.00	3.57	-1.13	19.8	
56.30	366.86	177-1089B-6-5,60-61.5	2.80	-0.07	3.65	-1.16	24.6	
56.35	367.11	177-1089B-6-5,65-66.5	2.75	-0.06	3.57	-1.27	31.5	
56.40	367.36	177-1089B-6-5,70-71.5	2.73	-0.17	3.53	-1.04	37.3	46.1
56.45	367.62	177-1089B-6-5,75-76.5	2.87	0.10			37.5	
56.50	367.87	177-1089B-6-5,80-81.5	2.85	0.44	3.40	-1.12	29.6	
56.55	368.12	177-1089B-6-5,85-86.5	2.71	-0.07	3.36	-0.80	18.4	
56.60	368.38	177-1089B-6-5,90-91.5	2.65	0.04	3.30	-1.14	15.9	38.0
56.65	368.63	177-1089B-6-5,95-96.5	2.49	-0.24	3.54	-1.26	12.6	
56.70	368.89	177-1089B-6-5,100-101.5	2.53	-0.18	3.66	-0.94	12.3	
56.75	369.14	177-1089B-6-5,105-106.5	2.61	-0.19	3.65	-1.37	15.7	
56.80	369.39	177-1089B-6-5,110-111.5	2.46	-0.05	3.53	-1.35	20.3	46.7
56.85	369.65	177-1089B-6-5,115-116.5	2.54	-0.18	3.61	-1.03	26.1	
56.90	369.90	177-1089B-6-5,120-121.5	2.73	0.32	3.68	-0.55	28.3	
56.92	370.00	177-1089C-7-1,80-81.5	2.65	0.17			27.1	
56.97	370.26	177-1089C-7-1,85-86.5	2.64	0.23	3.54	-0.77	29.5	
57.02	370.51	177-1089C-7-1,90-91.5			3.56	-0.89	23.8	39.0
57.07	370.77	177-1089C-7-1,95-96.5	2.76	0.51	3.56	-1.13	15.4	
57.12	371.02	177-1089C-7-1,100-101.5	2.71	0.02	3.50	-0.94	19.2	
57.17	371.27	177-1089C-7-1,105-106.5	2.61	0.11	3.54	-0.83	16.1	
57.22	371.53	177-1089C-7-1,110-111.5	2.50	0.00	3.52	-1.19	15.6	
57.27	371.78	177-1089C-7-1,115-116.5	2.52	-0.27	3.51	-1.11	13.7	34.2
57.32	372.04	177-1089C-7-1,120-121.5			3.53	-1.08	15.1	
57.37	372.29	177-1089C-7-1,125-126.5	2.59	-0.07	3.57	-1.14	21.3	
57.42	372.54	177-1089C-7-1,130-131.5	2.67	0.23	3.59	-1.03	23.9	
57.47	372.80	177-1089C-7-1,135-136.5	2.68	0.08	3.49	-1.38	24.9	41.6
57.52	373.05	177-1089C-7-1,140-141.5			3.42	-0.93	26.7	
57.57	373.30	177-1089C-7-1,145-146.5			3.54	-0.95	22.8	
57.62	373.56	177-1089C-7-2,0-1.5	2.68	0.15	3.35	-1.05	14.0	
57.67	373.81	177-1089C-7-2,5-6.5	2.68	0.05	3.48	-1.33	14.3	40.9
57.72	374.07	177-1089C-7-2,10-11.5	2.47	0.06	3.45	-1.36	16.1	
57.77	374.32	177-1089C-7-2,15-16.5	2.90	0.03	3.50	-0.80	20.2	
57.82	374.57	177-1089C-7-2,20-21.5	2.45	0.22	3.61	-0.59	21.3	
57.87	374.83	177-1089C-7-2,25-26.5	2.67	0.32	3.54	-1.30	23.1	35.2
57.92	375.08	177-1089C-7-2,30-31.5	2.72	0.45	3.52	-0.95	24.6	
57.97	375.34	177-1089C-7-2,35-36.5	2.95	0.36	3.54	-0.94	25.7	
58.02	375.59	177-1089C-7-2,40-41.5			3.59	-0.78	26.4	
58.07	375.84	177-1089C-7-2,45-46.5	2.71	0.09	3.54	-0.37	26.6	54.8
58.12	376.10	177-1089C-7-2,50-51.5	2.65	-0.15	3.46	-0.37	26.7	
58.17	376.35	177-1089C-7-2,55-56.5	2.45	-0.06			26.6	
58.22	376.61	177-1089C-7-2,60-61.5	2.73	0.45	3.48	-0.32	31.4	
58.27	376.86	177-1089C-7-2,65-66.5	2.56	0.20	3.51	-0.28	30.0	60.5
58.32	377.11	177-1089C-7-2,70-71.5	2.75	0.53	3.57	-0.11	32.6	
58.37	377.37	177-1089C-7-2,75-76.5	2.59	0.23	3.52	-0.64	29.1	
58.42	377.62	177-1089C-7-2,80-81.5	2.54	-0.18	3.61	-0.49	25.8	
58.47	377.87	177-1089C-7-2,85-86.5	2.47	-0.39	3.45	-0.22	21.1	65.3
58.52	378.13	177-1089C-7-2,90-91.5	2.42	0.14	3.46	-0.56	14.8	
58.57	378.38	177-1089C-7-2,95-96.5			3.33	-0.71	6.9	
58.62	378.64	177-1089C-7-2,100-101.5	2.46	0.20	3.32	-1.74	4.0	
58.67	378.89	177-1089C-7-2,105-106.5	2.62	0.36	3.55	-1.08	4.4	24.3
58.72	379.14	177-1089C-7-2,110-111.5	2.44	0.00	3.47	-0.94	6.3	
58.77	379.40	177-1089C-7-2,115-116.5	2.43	0.10	3.52	-0.56	10.1	
58.82	379.65	177-1089C-7-2,120-121.5	2.54	-0.14	3.50	-0.55	11.5	
58.87	379.91	177-1089C-7-2,125-126.5	2.86	0.24	3.57	-0.60	11.9	53.0
58.92	380.16	177-1089C-7-2,130-131.5	2.71	0.23	3.50	-0.69	12.0	
58.97	380.41	177-1089C-7-2,135-136.5	2.55	-0.07	3.58	-0.85	10.8	
59.02	380.67	177-1089C-7-2,140-141.5	2.50	0.34	3.53	0.06	13.7	
59.07	380.92	177-1089C-7-2,145-146.5	2.58	0.53	3.44	-0.55	12.4	
59.12	381.18	177-1089C-7-3,0-1.5	2.40	0.29	3.45	-0.33	20.0	
59.17	381.43	177-1089C-7-3,5-6.5	2.57	0.48	3.32	-0.72	18.8	73.6
59.22	381.68	177-1089C-7-3,10-11.5	2.71	0.27	3.55	-0.43	20.3	
59.27	381.94	177-1089C-7-3,15-16.5	2.52	0.47	3.58	-0.28	16.4	
59.32	382.19	177-1089C-7-3,20-21.5	2.56	0.26	3.47	-0.12	16.8	
59.37	382.45	177-1089C-7-3,25-26.5	2.52	0.56	3.48	-0.20	17.1	76.1
59.42	382.70	177-1089C-7-3,30-31.5			3.43	-0.36	12.9	
59.47	382.95	177-1089C-7-3,35-36.5	2.08	0.07	3.42	-0.14	12.0	
59.52	383.21	177-1089C-7-3,40-41.5	2.60	0.24	3.46	-0.56	11.0	
59.57	383.46	177-1089C-7-3,45-46.5	2.40	-0.03	3.41	-0.48	14.3	64.7
59.62	383.71	177-1089C-7-3,50-51.5	2.36	0.41	3.39	-0.55	17.8	
59.67	383.97	177-1089C-7-3,55-56.5	2.46	0.34			16.4	
59.72	384.22	177-1089C-7-3,60-61.5	2.58	0.00	3.44	-0.01	17.2	
59.77	384.48	177-1089C-7-3,65-66.5			3.37	-0.06	25.2	27.4
59.82	384.73	177-1089C-7-3,70-71.5	2.32	0.14	3.22	-0.10	14.6	
59.87	384.98	177-1089C-7-3,75-76.5					15.8	
59.92	385.24	177-1089C-7-3,80-81.5	2.40	0.20	3.32	-0.06	19.4	76.2
59.97	385.49	177-1089C-7-3,85-86.5	2.60	0.78			16.3	
60.02	385.75	177-1089C-7-3,90-91.5			3.17	-0.54	7.0	
60.07	386.00	177-1089C-7-3,95-96.5			3.32	-0.63	5.5	
60.12	386.32	177-1089C-7-3,100-101.5	2.30	-0.16	3.22	-1.01	9.2	
60.17	386.63	177-1089C-7-3,105-106.5	2.20	0.26	3.31	-0.25	16.9	47.6
60.22	386.95	177-1089C-7-3,110-111.5	2.34	0.43	3.45	-0.50	20.3	
60.27	387.26	177-1089C-7-3,115-116.5	2.36	0.89	3.37	0.13	21.1	
60.32	387.58	177-1089C-7-3,120-121.5	2.31	0.52	3.22	0.44	24.0	
60.37	387.89	177-1089C-7-3,125-126.5			3.25	-0.01	23.1	90.8
60.42	388.21	177-1089C-7-3,130-131.5	2.29	0.80	3.35	-0.49	26.9	
60.47	388.53	177-1089C-7-3,135-136.5	2.17	-0.01	3.25	-0.41	26.3	
60.52	388.84	177-1089C-7-3,140-141.5	2.31	0.60	3.39	-0.14	23.1	
60.57	389.16	177-1089C-7-3,145-146.5	2.34	0.31			15.3	82.0
60.62	389.47	177-1089C-7-4,0-1.5	2.35	0.59	3.17	-0.30	4.3	
60.67	389.79	177-1089C-7-4,5-6.5	2.46	0.42	3.25	-0.26	2.2	
60.72	390.11	177-1089C-7-4,10-11.5	2.03	0.30	3.26	-0.71	2.5	
60.77	390.42	177-1089C-7-4,15-16.5	2.18	-0.03			2.1	28.3
60.82	390.74	177-1089C-7-4,20-21.5	2.04	-0.27	3.32	-0.33	5.3	
60.87	391.05	177-1089C-7-4,25-26.5			3.30	-0.56	12.1	
60.92	391.37	177-1089C-7-4,30-31.5			3.49	-0.54	8.5	
60.97	391.68	177-1089C-7-4,35-36.5					8.3	67.0
61.02	392.00	177-1089C-7-4,40-41.5			3.29	-0.22	7.2	
61.07	392.55	177-1089C-7-4,45-46.5					7.3	
61.12	393.10	177-1089C-7-4,50-51.5	2.25	0.49	3.38	-0.12	6.1	
61.17	393.66	177-1089C-7-4,55-56.5	2.47	0.20			4.8	28.1
61.22	394.21	177-1089C-7-4,60-61.5	2.07	-0.25			4.3	
61.27	394.76	177-1089C-7-4,65-66.5					4.7	
61.32	395.31	177-1089C-7-4,70-71.5					3.7	
61.37	395.86	177-1089C-7-4,75-76.5					5.2	93.9
61.42	396.41	177-1089C-7-4,80-81.5			3.09	-0.10	8.0	
61.47	396.97	177-1089C-7-4,85-86.5	2.17	0.46	3.19	-0.31	7.8	
61.52	397.52	177-1089C-7-4,90-91.5			3.09	-0.02	10.3	
61.57	398.07	177-1089C-7-4,95-96.5			3.05	0.48	11.9	72.2
61.62	398.62	177-1089C-7-4,100-102			2.76	0.45	11.9	
61.67	399.17	177-1089C-7-4,105-107			2.89	0.34	12.8	
61.72	399.72	177-1089C-7-4,110-112			2.74	0.36	12.5	
61.77	400.28	177-1089C-7-4,115-117			2.73	0.52	13.8	87.5
61.82	400.83	177-1089C-7-4,120-122			2.63	0.11	13.3	
61.87	401.38	177-1089C-7-4,125-127					16.5	
61.92	401.93	177-1089C-7-4,130-132			2.58	0.66	16.4	
61.97	402.48	177-1089C-7-4,135-137					15.5	79.8
62.02	403.03	177-1089C-7-4,140-142			2.63	0.46	13.9	
62.07	403.59	177-1089C-7-4,145-147					11.6	
62.12	404.14	177-1089C-7-5,0-1.5			2.50	0.50	11.4	
62.17	404.69	177-1089C-7-5,5-6.5			2.41	0.02	11.7	88.4
62.22	405.24	177-1089C-7-5,10-11.5			2.43	-0.20	11.8	
62.27	405.79	177-1089C-7-5,15-16.5			2.45	0.65	13.4	
62.32	406.34	177-1089C-7-5,20-21.5			2.36	0.20	12.9	
62.37	406.90	177-1089C-7-5,25-26.5			2.34	-0.32	14.2	84.0
62.42	407.45	177-1089C-7-5,30-31.5			2.33	-0.39	16.3	
62.47	408.00	177-1089C-7-5,35-36.5			2.31	-0.09	15.9	
62.52	408.40	177-1089C-7-5,40-41.5			2.27	0.15	13.5	
62.57	408.80	177-1089C-7-5,45-46.5					13.3	87.2
62.62	409.20	177-1089C-7-5,50-51.5					13.6	
62.67	409.60	177-1089C-7-5,55-56.5			2.46	0.01	15.0	
62.72	410.00	177-1089C-7-5,60-61.5			2.35	0.50	16.5	
62.77	410.40	177-1089C-7-5,65-66.5			2.29	0.10	16.0	81.1
62.82	410.80	177-1089C-7-5,70-71.5			2.39	0.47	16.3	
62.87	411.20	177-1089C-7-5,75-76.5					16.0	87.0
62.92	411.60	177-1089C-7-5,80-81.5			2.40	-0.34	17.3	
62.97	412.00	177-1089C-7-5,85-86.5			2.45	0.21	16.8	83.2
63.02	412.40	177-1089C-7-5,90-91.5					18.7	
63.07	412.80	177-1089C-7-5,95-96.5			2.54	0.17	20.4	84.7
63.12	413.20	177-1089C-7-5,100-102			2.44	0.37	23.5	
63.17	413.60	177-1089C-7-5,105-107					23.8	81.3
63.22	414.00	177-1089C-7-5,110-112					24.2	
63.27	414.40	177-1089C-7-5,115-117			2.59	0.38	24.0	77.5
63.32	414.80	177-1089C-7-5,120-122			2.63	-0.04	27.0	
63.37	415.20	177-1089C-7-5,125-127			2.48	-0.04	32.4	71.6
63.42	415.60	177-1089C-7-5,130-132			2.75	0.05	34.6	
63.47	416.00	177-1089C-7-5,135-137			2.72	-0.24	35.6	70.9
63.52	416.40	177-1089C-7-5,140-142	1.75	1.27	2.72	-0.01	41.3	
63.57	416.80	177-1089C-7-5,145-147			2.83	0.09	44.1	46.8
63.62	417.20	177-1089C-7-6,0-1.5			2.83	0.12	45.1	
63.67	417.60	177-1089C-7-6,5-6.5			2.73	0.20	48.1	55.9
63.72	418.00	177-1089C-7-6,10-11.5			2.86	-0.08	52.2	
63.77	418.40	177-1089C-7-6,15-16.5			2.91	0.02	54.4	52.2
63.82	418.80	177-1089C-7-6,20-21.5	2.05	0.72			53.3	
63.87	419.20	177-1089C-7-6,25-26.5	2.32	0.65	2.98	-0.08	52.4	49.1
63.92	419.60	177-1089C-7-6,30-31.5	2.21	0.52			57.3	
63.97	420.00	177-1089C-7-6,35-36.5	2.23	0.41			58.4	43.8
64.02	420.40	177-1089C-7-6,40-41.5	2.19	0.66	2.91	0.10	59.0	
64.07	420.80	177-1089C-7-6,45-46.5	2.33	0.57	2.94	0.10	59.6	37.5
64.12	421.20	177-1089C-7-6,50-51.5	2.32	0.57			61.6	
64.17	421.60	177-1089C-7-6,55-56.5	2.38	0.56			61.8	45.2
64.22	422.00	177-1089C-7-6,60-61.5					61.9	
64.27	422.40	177-1089C-7-6,65-66.5	2.41	0.37	3.11	0.03	63.8	46.2
64.32	422.80	177-1089C-7-6,70-71.5	2.48	0.52	3.04	-0.08	67.0	
64.37	423.20	177-1089C-7-6,75-76.5	2.46	0.21	3.11	-0.11	66.3	44.4
64.42	423.60	177-1089B-7-3,100-102	2.60	0.42	3.16	0.03	70.0	
64.47	424.00	177-1089B-7-3,105-107	2.66	0.32	3.21	-0.28	70.8	42.1
64.52	424.28	177-1089B-7-3,110-112	2.68	0.37	3.35	-0.29	69.4	
64.57	424.56	177-1089B-7-3,115-117	2.66	0.15	3.18	-0.25	68.4	41.5
64.62	424.84	177-1089B-7-3,120-122	2.75	0.07	3.45	-0.27	68.6	
64.67	425.12	177-1089B-7-3,125-127					65.6	47.2
64.72	425.40	177-1089B-7-3,130-132	2.71	0.38			64.6	
64.77	425.68	177-1089B-7-3,135-137	2.59	0.16			62.8	39.1
64.82	425.96	177-1089B-7-3,140-142	2.70	0.14			61.4	
64.87	426.23	177-1089B-7-3,145-147	2.92	0.18			64.3	43.0
64.92	426.51	177-1089B-7-4,0-1.5	2.49	-0.26	3.65	-0.19	62.2	66.7
64.97	426.79	177-1089B-7-4,5-6.5			3.68	-0.19	57.4	63.2
65.02	427.07	177-1089B-7-4,10-11.5	2.71	-0.38	3.82	-0.45	55.2	62.8
65.07	427.35	177-1089B-7-4,15-16.5	2.71	-0.14			55.3	63.4
65.12	427.63	177-1089B-7-4,20-21.5	3.19	0.30	3.98	-0.43	57.6	52.8
65.17	427.91	177-1089B-7-4,25-26.5	3.00	0.19			54.2	49.3
65.22	428.19	177-1089B-7-4,30-31.5	3.14	-0.18	4.25	-1.06	56.8	
65.27	428.47	177-1089B-7-4,35-36.5	3.14	-0.21	4.16	-0.94	54.8	41.5
65.32	428.75	177-1089B-7-4,40-41.5	2.90	-0.51			51.6	35.4
65.42	429.31	177-1089B-7-4,50-51.5	3.11	-0.25	4.25	-1.13	48.1	
65.47	429.59	177-1089B-7-4,55-56.5	3.42	-0.09	4.35	-1.35	50.3	32.6
65.52	429.87	177-1089B-7-4,60-61.5	3.21	-0.17	4.33	-1.14	52.7	
65.57	430.15	177-1089B-7-4,65-66.5	3.33	-0.49	4.30	-0.97	54.1	23.3
65.62	430.42	177-1089B-7-4,70-71.5	3.27	-0.11	4.28	-1.17	49.3	
65.67	430.70	177-1089B-7-4,75-76.5	3.26	-0.22	4.27	-0.99	49.1	28.6
65.72	430.98	177-1089B-7-4,80-81.5	3.11	-0.66	4.17	-1.30	45.2	
65.77	431.26	177-1089B-7-4,85-86.5	3.14	-0.68	4.40	-0.72	46.9	20.1
65.82	431.54	177-1089B-7-4,90-91.5	3.34	-0.81	4.34	-1.04	47.6	
65.87	431.82	177-1089B-7-4,95-96.5	3.59	-0.07	4.29	-1.13	47.9	25.7
65.92	432.10	177-1089B-7-4,100-102	3.39	-0.39	4.42	-1.06	47.0	
65.97	432.38	177-1089B-7-4,105-107	3.42	-0.45	4.33	-1.34	46.1	23.1
66.02	432.66	177-1089B-7-4,110-112	3.39	-0.28	4.38	-1.03	47.8	
66.07	432.94	177-1089B-7-4,115-117	3.48	-0.27	4.38	-1.51	50.2	21.6
66.12	433.22	177-1089B-7-4,120-122			4.44	-0.93	51.0	
66.17	433.50	177-1089B-7-4,125-127			4.36	-1.14	50.9	15.4
66.22	433.78	177-1089B-7-4,130-132			4.43	-1.19	51.1	
66.27	434.04	177-1089B-7-4,135-137	3.56	0.12	4.29	-0.94	51.8	25.4
66.32	434.21	177-1089B-7-4,140-142	3.40	-0.24	4.50	-1.15	55.2	
66.37	434.39	177-1089B-7-4,145-147	3.61	0.13	4.30	-1.36	53.3	22.4
66.42	434.57	177-1089B-7-5,0-1.5	3.25	-0.24	4.28	-1.46	53.4	
66.47	434.75	177-1089B-7-5,5-6.5	3.62	-0.02	4.35	-0.88	52.7	24.4
66.52	434.93	177-1089B-7-5,10-11.5	3.64	-0.32	4.34	-1.45	51.1	
66.57	435.11	177-1089B-7-5,15-16.5	3.53	-0.05	4.23	-1.23	53.1	13.6
66.62	435.29	177-1089B-7-5,20-21.5	3.35	-0.12	4.38	-1.52	52.9	
66.67	435.46	177-1089B-7-5,25-26.5	3.47	-0.39	4.31	-1.28	52.6	18.3
66.72	435.64	177-1089B-7-5,30-31.5	3.30	-0.20	4.48	-1.12	50.8	
66.77	435.82	177-1089B-7-5,35-36.5	3.22	-0.16	4.41	-0.85	51.1	18.2
66.82	436.00	177-1089B-7-5,40-41.5	3.21	-0.22	4.44	-0.99	45.2	
66.87	436.18	177-1089B-7-5,45-46.5	3.41	-0.05	4.36	-1.02	46.8	
66.92	436.36	177-1089B-7-5,50-51.5	3.44	-0.15	4.30	-1.47	44.0	
66.97	436.54	177-1089C-8-1,100-102	3.40	-0.30	4.19	-1.23	44.3	14.6
67.02	436.71	177-1089C-8-1,105-107	3.11	-0.64	4.25	-1.68	40.2	
67.07	436.89	177-1089C-8-1,110-112	3.35	-0.22	4.30	-1.53	34.8	
67.12	437.07	177-1089C-8-1,115-117	3.27	-0.15	4.23	-1.10	32.1	
67.17	437.25	177-1089C-8-1,120-122	3.14	-0.36	4.21	-1.29	29.8	20.6
67.22	437.43	177-1089C-8-1,125-127	3.11	-0.83	4.25	-1.25	25.7	
67.27	437.61	177-1089C-8-1,131-133	3.29	-0.52	4.30	-1.03	25.8	
67.32	437.79	177-1089C-8-1,135-137	3.06	-0.54	4.26	-1.22	28.7	
67.37	437.96	177-1089C-8-1,140-142	3.23	-0.40	4.33	-1.36	28.3	25.0
67.42	438.14	177-1089C-8-1,145-147	3.20	-0.47			28.8	
67.47	438.32	177-1089C-8-2,0-1.5	3.27	-0.46	4.26	-1.31	29.3	
67.52	438.50	177-1089C-8-2,5-6.5	3.10	-0.30	4.26	-1.38	32.2	
67.57	438.68	177-1089C-8-2,10-11.5	3.16	-0.28	4.27	-1.08	34.8	32.7
67.62	438.86	177-1089C-8-2,15-16.5	3.33	-0.60	4.36	-0.92	32.5	
67.67	439.04	177-1089C-8-2,20-21.5	3.39	-0.18	4.26	-0.98	35.8	25.0
67.72	439.21	177-1089C-8-2,25-26.5	3.33	-0.40	4.36	-1.15	38.7	15.9
67.77	439.39	177-1089C-8-2,30-31.5			4.28	-1.35	37.0	4.9
67.82	439.57	177-1089C-8-2,35-36.5	3.23	0.01	4.16	-1.20	37.8	
67.87	439.75	177-1089C-8-2,40-41.5	3.27	-0.33	4.13	-1.39	37.4	3.0
67.92	439.93	177-1089C-8-2,45-46.5	3.64	0.04	4.12	-1.33	38.0	
67.97	440.11	177-1089C-8-2,50-51.5	3.48	0.03	4.20	-1.36	32.8	7.5
68.02	440.29	177-1089C-8-2,55-56.5	3.49	-0.19	4.19	-0.97	30.1	
68.07	440.46	177-1089C-8-2,60-61.5	3.39	-0.13	4.22	-1.10	33.3	
68.12	440.64	177-1089C-8-2,65-66.5	3.17	-0.31	4.25	-1.39	34.0	
68.17	440.82	177-1089C-8-2,70-71.5	3.35	-0.07	4.25	-1.06	34.7	16.7
68.22	441.00	177-1089C-8-2,75-76.5	3.22	-0.23	4.29	-0.90	35.5	
68.27	441.18	177-1089C-8-2,80-81.5	3.22	-0.12	4.28	-1.07	41.5	
68.32	441.36	177-1089C-8-2,85-86.5	3.33	-0.40	4.19	-1.49	36.0	
68.37	441.54	177-1089C-8-2,90-91.5	3.44	-0.16	4.32	-1.30	33.3	17.2
68.42	441.71	177-1089C-8-2,95-96.5	3.16	-0.43	4.25	-1.18	33.9	
68.47	441.89	177-1089C-8-2,100-102	3.43	0.03	4.24	-1.14	30.4	
68.52	442.07	177-1089C-8-2,105-107	3.48	-0.23	4.27	-1.37	32.9	
68.57	442.25	177-1089C-8-2,110-112	3.30	0.17	4.23	-1.25	32.3	5.7
68.62	442.43	177-1089C-8-2,115-117	3.52	-0.11	4.19	-1.38	32.7	
68.67	442.61	177-1089C-8-2,120-122	3.46	0.02	4.24	-1.17	36.0	
68.72	442.79	177-1089C-8-2,125-127	3.41	0.04	4.21	-1.29	36.0	
68.77	442.96	177-1089C-8-2,130-132	3.34	0.03	4.12	-1.18	38.1	24.0
68.82	443.14	177-1089C-8-2,135-137	3.55	-0.03	4.19	-1.22	38.5	
68.87	443.32	177-1089C-8-2,140-142	3.33	-0.02	4.13	-1.04	40.6	
68.92	443.50	177-1089C-8-2,145-147	3.29	-0.43	4.07	-1.07	43.3	
69.02	443.86	177-1089C-8-3,5-6.5			4.14	-1.23	38.3	15.0
69.07	444.04	177-1089C-8-3,10-11.5	3.39	-0.14	4.09	-0.83	39.3	
69.12	444.21	177-1089C-8-3,15-16.5	3.33	-0.11	4.10	-1.30	40.0	
69.17	444.39	177-1089C-8-3,20-21.5	3.30	-0.01	4.15	-1.20	41.3	
69.22	444.57	177-1089C-8-3,25-26.5	3.06	-0.19	4.16	-0.91	41.7	6.9
69.27	444.75	177-1089C-8-3,30-31.5	3.22	0.01	4.09	-1.05	40.8	
69.32	444.93	177-1089C-8-3,35-36.5	3.28	-0.06	4.15	-1.11	40.2	
69.37	445.11	177-1089C-8-3,40-41.5	2.83	-0.02	4.16	-1.49	41.4	
69.42	445.29	177-1089C-8-3,45-46.5	3.06	-0.42	4.16	-1.13	42.2	8.9
69.47	445.46	177-1089C-8-3,50-51.5	2.83	-0.39	4.16	-1.47	40.8	
69.52	445.64	177-1089C-8-3,55-56.5			4.16	-1.35	40.9	
69.57	445.82	177-1089C-8-3,60-61.5	3.08	-0.23	4.07	-1.26	42.7	
69.62	446.00	177-1089C-8-3,65-66.5	2.94	-0.24	4.14	-1.32	41.7	17.5
69.67	446.18	177-1089C-8-3,70-71.5	3.10	0.07	4.13	-1.06	42.4	
69.72	446.36	177-1089C-8-3,75-76.5	3.18	-0.12	4.02	-1.34	43.6	
69.77	446.54	177-1089C-8-3,80-81.5	2.84	-0.44	4.09	-1.16	43.9	
69.82	446.71	177-1089C-8-3,85-86.5	2.92	-0.18	4.03	-1.15	45.5	15.7
69.87	446.89	177-1089C-8-3,90-91.5	3.16	-0.12	4.07	-1.01	46.5	
69.92	447.07	177-1089C-8-3,95-96.5	3.04	-0.49	4.06	-1.10	46.3	
69.97	447.25	177-1089C-8-3,100-102			3.96	-1.17	47.4	
70.02	447.43	177-1089C-8-3,105-107	2.84	-0.50	4.03	-1.03	48.0	9.8
70.07	447.61	177-1089C-8-3,110-112	2.78	-0.28	4.10	-1.18	47.0	
70.12	447.79	177-1089C-8-3,115-117	2.66	-0.37	4.09	-0.96	46.9	
70.17	447.96	177-1089C-8-3,120-122			4.09	-0.92	50.2	
70.22	448.14	177-1089C-8-3,125-127	2.98	-0.11	4.01	-1.20	49.6	6.9
70.27	448.32	177-1089C-8-3,130-132	2.87	-0.21	4.00	-1.36	48.8	
70.32	448.50	177-1089C-8-3,135-137	2.84	-0.31	3.92	-1.16	48.8	
70.37	448.68	177-1089C-8-3,140-142	2.91	-0.22	4.10	-1.18	50.7	
70.42	448.86	177-1089C-8-3,145-147	2.95	-0.27	4.03	-1.07	55.2	25.5
70.47	449.04	177-1089C-8-4,0-1.5			4.01	-0.92	57.2	
70.52	449.21	177-1089C-8-4,5-6.5	3.10	-0.04	3.97	-1.03	59.2	
70.57	449.39	177-1089C-8-4,10-11.5	3.03	-0.10	3.87	-0.66	60.4	
70.62	449.57	177-1089C-8-4,15-16.5	3.07	0.05	3.87	-0.90	61.0	33.2
70.67	449.75	177-1089C-8-4,20-21.5	3.13	0.19	3.90	-1.15	55.3	
70.72	449.93	177-1089C-8-4,25-26.5	2.93	-0.09	3.96	-0.93	47.6	
70.77	450.11	177-1089C-8-4,30-31.5	2.67	-0.39	3.83	-0.80	49.4	
70.82	450.29	177-1089C-8-4,35-36.5	2.68	-0.10	3.93	-0.99	51.4	32.8
70.87	450.46	177-1089C-8-4,40-41.5	2.88	-0.05	3.92	-1.38	47.5	
70.92	450.64	177-1089C-8-4,45-46.5	2.95	-0.02	3.94	-1.05	45.5	
70.97	450.82	177-1089C-8-4,50-51.5	2.83	-0.23	3.92	-1.17	39.3	
71.02	451.00	177-1089C-8-4,55-56.5	2.90	-0.07	3.95	-0.93	39.1	35.9
71.07	451.18	177-1089C-8-4,60-61.5	2.67	-0.33	3.94	-1.42	43.3	
71.12	451.36	177-1089C-8-4,65-66.5	2.74	-0.35	3.94	-1.03	43.3	
71.17	451.54	177-1089C-8-4,70-71.5			3.94	-1.14	40.8	
71.22	451.71	177-1089C-8-4,75-76.5			3.91	-0.95	35.8	46.6
71.27	451.89	177-1089C-8-4,80-81.5	2.78	-0.31	3.87	-1.04	41.0	
71.32	452.07	177-1089C-8-4,85-86.5	2.64	-0.34	3.85	-0.81	45.0	
71.37	452.25	177-1089C-8-4,90-91.5			3.85	-1.00	54.2	
71.42	452.43	177-1089C-8-4,95-96.5			3.88	-0.61	52.8	31.4
71.47	452.61	177-1089C-8-4,100-102			3.86	-0.96	46.4	
71.52	452.79	177-1089C-8-4,105-107			3.83	-1.05	41.8	
71.57	452.96	177-1089C-8-4,110-112			3.79	-1.27	35.7	
71.62	453.14	177-1089C-8-4,115-117			3.79	-1.11	37.5	31.1
71.67	453.32	177-1089C-8-4,120-122			3.76	-1.15	36.0	
71.77	453.68	177-1089C-8-4,130-132			3.80	-0.91	30.4	
71.82	453.86	177-1089C-8-4,135-137			3.98	-0.95	29.5	
71.87	454.04	177-1089C-8-4,140-142			3.88	-1.25	27.3	
71.92	454.21	177-1089C-8-4,145-147			3.84	-0.97	25.2	
71.97	454.39	177-1089C-8-5,0-1.5			3.92	-0.97	23.8	
72.02	454.57	177-1089C-8-5,5-6.5			3.89	-1.19	23.6	
72.07	454.75	177-1089C-8-5,10-11.5			3.87	-0.90	22.8	
72.12	454.93	177-1089C-8-5,15-16.5			3.85	-1.11	20.8	
72.17	455.11	177-1089C-8-5,20-21.5			3.83	-0.93	21.1	
72.22	455.29	177-1089C-8-5,25-26.5			3.82	-1.06	20.4	
72.27	455.46	177-1089C-8-5,30-31.5			3.83	-1.06	20.2	
72.32	455.64	177-1089C-8-5,35-36.5			3.83	-1.20	20.8	
72.37	455.82	177-1089C-8-5,40-41.5			3.83	-1.16	21.2	
72.42	456.00	177-1089C-8-5,45-46.5			3.89	-1.03	24.3	
72.47	456.18	177-1089C-8-5,50-51.5			4.01	-1.09	24.7	
72.52	456.36	177-1089C-8-5,55-56.5			3.95	-1.22	27.3	
72.57	456.54	177-1089C-8-5,60-61.5	2.88	-0.05	3.92	-1.00	31.3	
72.62	456.71	177-1089C-8-5,65-66.5	2.73	-0.16	3.88	-1.07	33.2	
72.67	456.89	177-1089C-8-5,70-71.5	2.63	-0.24	3.89	-1.19	36.2	
72.72	457.07	177-1089C-8-5,75-76.5	2.93	-0.10	3.92	-1.17	39.3	
72.77	457.25	177-1089C-8-5,80-81.5			3.83	-0.87	38.0	
72.82	457.43	177-1089C-8-5,85-86.5			3.80	-0.65	30.8	
72.87	457.61	177-1089C-8-5,90-91.5			3.68	-1.04	22.7	
72.92	457.79	177-1089C-8-5,95-96.5			3.82	-0.95	27.6	
72.97	457.96	177-1089C-8-5,100-102			3.80	-1.42	33.8	
73.02	458.14	177-1089C-8-5,105-107			3.88	-0.95	38.0	
73.07	458.32	177-1089C-8-5,110-112			3.79	-1.25	41.2	
73.10	458.43	177-1089B-8-2,105-107			3.80	-0.62	48.7	
73.15	458.61	177-1089B-8-2,110-112			3.88	-0.99	46.3	
73.20	458.79	177-1089B-8-2,115-117			3.81	-0.73	44.8	
73.25	458.96	177-1089B-8-2,120-122			3.83	-0.28	40.2	
73.30	459.14	177-1089B-8-2,125-127					27.7	
73.35	459.32	177-1089B-8-2,130-132			3.72	-1.27	19.4	
73.40	459.50	177-1089B-8-2,135-137			3.80	-0.92	20.9	
73.45	459.68	177-1089B-8-2,140-142			3.74	-1.03	18.8	
73.50	459.86	177-1089B-8-2,145-147			3.85	-1.23	18.3	
73.55	460.04	177-1089B-8-3,0-1.5			3.83	-1.10	19.8	
73.60	460.21	177-1089B-8-3,5-6.5	2.78	0.07	3.81	-1.35	17.3	
73.65	460.39	177-1089B-8-3,10-11.5			3.83	-1.21	16.8	
73.70	460.57	177-1089B-8-3,15-16.5	2.74	-0.20	3.81	-0.96	18.5	
73.75	460.75	177-1089B-8-3,20-21.5	2.81	0.01	3.85	-1.28	20.3	
73.80	460.93	177-1089B-8-3,25-26.5	2.82	-0.30	3.86	-0.92	23.5	
73.85	461.11	177-1089B-8-3,30-31.5	2.64	-0.29	3.79	-0.96	20.9	
73.90	461.29	177-1089B-8-3,35-36.5	2.99	-0.13	3.87	-0.55	19.0	
73.95	461.46	177-1089B-8-3,40-41.5	2.80	0.15	3.87	-1.20	20.8	
74.00	461.64	177-1089B-8-3,45-46.5	2.69	-0.01			25.2	
74.05	461.82	177-1089B-8-3,50-51.5			3.87	-1.11	25.2	
74.10	462.00	177-1089B-8-3,55-56.5	2.78	0.15	3.84	-1.16	25.5	
74.15	462.18	177-1089B-8-3,60-61.5	2.69	0.05	3.82	-1.41	28.8	
74.20	462.36	177-1089B-8-3,65-66.5	3.02	0.28	3.85	-1.25	28.4	
74.25	462.54	177-1089B-8-3,70-71.5	2.90	0.02	3.83	-1.45	25.8	
74.30	462.71	177-1089B-8-3,75-76.5	2.89	0.27	3.73	-1.24	25.1	
74.35	462.89	177-1089B-8-3,80-81.5	2.69	-0.08	3.93	-1.39	26.3	
74.40	463.07	177-1089B-8-3,85-86.5	2.91	0.09	3.82	-1.03	25.3	
74.45	463.25	177-1089B-8-3,90-91.5	2.76	-0.10	3.82	-1.24	24.8	
74.50	463.43	177-1089B-8-3,95-96.5			3.69	-0.92	29.1	
74.55	463.61	177-1089B-8-3,100-102	2.86	0.24	3.79	-0.95	27.1	
74.60	463.79	177-1089B-8-3,105-107	2.83	0.14	3.72	-0.81	27.8	
74.65	463.96	177-1089B-8-3,110-112	2.49	-0.24	3.80	-0.69	27.7	
74.70	464.14	177-1089B-8-3,115-117			3.74	-0.75	31.3	
74.75	464.32	177-1089B-8-3,120-122	2.87	0.08	3.64	-1.10	34.5	
74.80	464.50	177-1089B-8-3,125-127			3.72	-1.22	34.3	
74.85	464.68	177-1089B-8-3,130-132			3.71	-1.01	37.0	
74.90	464.86	177-1089B-8-3,135-137	2.68	-0.02	3.62	-1.04	38.3	
74.95	465.04	177-1089B-8-3,140-142	2.30	-0.17	3.62	-0.70	35.8	
75.00	465.21	177-1089B-8-3,145-147	2.79	0.25	3.68	-0.59	29.6	
75.05	465.39	177-1089B-8-4,0-1.5	2.50	-0.18	3.73	-0.90	22.4	
75.10	465.57	177-1089B-8-4,5-6.5	2.56	-0.19	3.71	-1.18	23.8	
75.15	465.75	177-1089B-8-4,10-11.5	2.63	-0.30	3.74	-0.95	23.2	
75.20	465.93	177-1089B-8-4,15-16.5			3.65	-1.14	21.9	
75.25	466.11	177-1089B-8-4,20-21.5			3.61	-1.43	20.4	
75.30	466.29	177-1089B-8-4,25-26.5	2.62	-0.08	3.73	-1.42	22.4	
75.35	466.46	177-1089B-8-4,30-31.5	2.48	-0.10	3.73	-1.11	22.7	
75.40	466.64	177-1089B-8-4,35-36.5	2.56	-0.21	3.69	-1.00	23.6	
75.45	466.82	177-1089B-8-4,40-41.5	2.63	-0.23	3.70	-1.09	23.3	
75.50	467.00	177-1089B-8-4,45-46.5	2.72	0.06	3.66	-1.04	24.6	
75.55	467.18	177-1089B-8-4,50-51.5	2.61	-0.02	3.76	-1.33	26.3	
75.60	467.36	177-1089B-8-4,55-56.5	2.55	0.05			24.8	
75.65	467.54	177-1089B-8-4,60-61.5			3.70	-0.93	25.1	
75.70	467.71	177-1089B-8-4,65-66.5			3.85	-1.13	26.5	
75.75	467.89	177-1089B-8-4,70-71.5	2.64	-0.40	3.73	-0.96	29.4	
75.80	468.07	177-1089B-8-4,75-77	2.74	0.06	3.71	-0.91	33.3	
75.85	468.25	177-1089B-8-4,80-81.5			3.67	-1.02	35.3	
75.90	468.43	177-1089B-8-4,85-86.5			3.70	-1.11	35.8	
75.95	468.61	177-1089B-8-4,90-91.5	2.74	0.14	3.67	-0.49		
76.00	468.79	177-1089B-8-4,95-96.5	2.81	0.30	3.66	-1.02	14.2	
76.05	468.96	177-1089B-8-4,99-102	2.69	0.37	3.65	-1.33	6.6	
76.10	469.14	177-1089B-8-4,105-107			3.81	-0.78	8.6	
76.15	469.32	177-1089B-8-4,110-112	2.77	-0.06	3.74	-0.77	12.8	
76.20	469.50	177-1089B-8-4,115-117			3.75	-0.70	7.6	
76.25	469.68	177-1089B-8-4,120-122			3.65	-1.06	4.3	
76.30	469.86	177-1089B-8-4,125-127	2.67	0.11	3.50	-1.10	3.0	
76.35	470.04	177-1089B-8-4,130-132	2.48	-0.20	3.84	-0.55	1.4	
76.40	470.21	177-1089B-8-4,135-137			3.70	-0.39	2.0	
76.45	470.39	177-1089B-8-4,140-142			3.73	-0.65	1.5	
76.50	470.57	177-1089B-8-4,145-147			3.65	-0.80	1.8	
76.55	470.75	177-1089B-8-5,0-1.5			3.91	-0.72	1.5	
76.60	470.93	177-1089B-8-5,5-6.5			3.66	-1.02	2.3	
76.65	471.11	177-1089B-8-5,10-11.5					0.3	
76.70	471.29	177-1089B-8-5,15-16.5			3.70	-0.83	1.1	
76.75	471.46	177-1089B-8-5,20-21.5			3.55	-0.55	4.1	
76.80	471.64	177-1089B-8-5,25-26.5			3.51	-0.48	5.3	
76.85	471.82	177-1089B-8-5,30-31.5			3.51	0.03	9.2	
76.90	472.00	177-1089B-8-5,35-36.5	2.23	0.21	3.45	-0.03	9.1	
76.95	472.21	177-1089B-8-5,40-41.5	2.10	0.01	3.48	-0.25	13.8	
77.00	472.41	177-1089B-8-5,45-46.5			3.30	0.01	12.8	
77.05	472.62	177-1089B-8-5,50-51.5			3.41	0.13	6.3	
77.10	472.82	177-1089B-8-5,55.56-			3.26	-0.27	8.1	
77.15	473.03	177-1089B-8-5,60-61.5					0.3	
77.20	473.23	177-1089B-8-5,65-66.5			3.27	-0.55	2.7	
77.25	473.44	177-1089B-8-5,70-71.5			3.34	-0.53	3.3	
77.30	473.65	177-1089B-8-5,75-77.5			3.61	-0.44	3.0	
77.35	473.85	177-1089B-8-5,80-81.5			3.41	-0.71	5.4	
77.40	474.06	177-1089B-8-5,85-86.5			3.34	-0.89	10.2	
77.45	474.26	177-1089B-8-5,90-91.5			3.44	-0.33	10.3	
77.50	474.47	177-1089B-8-5,95-96.5	2.16	0.68	3.43	-0.12	13.7	
77.55	474.67	177-1089B-8-5,100-102	1.93	0.44	3.33	-0.10	17.5	
77.60	474.88	177-1089B-8-5,105-107			3.33	0.10	14.6	
77.65	475.09	177-1089B-8-5,110-112			3.24	0.00	10.8	
77.70	475.29	177-1089B-8-5,115-118			3.25	0.14	18.3	
77.75	475.50	177-1089B-8-5,120-122			3.23	0.13	15.7	
77.80	475.70	177-1089B-8-5,125-127			3.16	-0.05	13.8	
77.85	475.91	177-1089B-8-5,130-132					6.6	
77.90	476.12	177-1089B-8-5,135-137			3.00	-0.22	5.5	
77.93	476.24	177-1089C-9-2,45-46.5	2.03	0.51	3.13	0.19	10.2	
77.98	476.44	177-1089C-9-2,50-51.5			3.12	0.04	3.3	
78.03	476.65	177-1089C-9-2,55-56.5			3.13	-0.09	8.4	
78.08	476.86	177-1089C-9-2,60-61.5			3.07	0.02	7.3	
78.13	477.06	177-1089C-9-2,65-66.5					7.5	
78.18	477.27	177-1089C-9-2,70-71.5	2.00	0.01	3.17	-0.47	11.8	
78.23	477.47	177-1089C-9-2,75-76.5	2.05	0.59	3.26	-0.10	14.8	
78.28	477.68	177-1089C-9-2,80-81.25	2.04	0.65	3.18	0.05	15.1	
78.33	477.88	177-1089C-9-2,85-86.5			3.15	0.18	13.5	
78.38	478.09	177-1089C-9-2,90-91.5			3.18	0.26	11.3	
78.43	478.30	177-1089C-9-2,95-96.5	2.14	0.28	3.11	0.20	29.0	
78.48	478.50	177-1089C-9-2,100-102			3.05	0.28	23.8	
78.53	478.71	177-1089C-9-2,105-107			3.07	0.29	27.2	
78.58	478.91	177-1089C-9-2,110-112			3.01	0.41	25.1	
78.63	479.12	177-1089C-9-2,115-117			3.05	-0.08	28.5	
78.68	479.33	177-1089C-9-2,120-122	2.52	0.44	3.00	-0.10	25.3	
78.73	479.53	177-1089C-9-2,125-127			3.05	0.36	21.2	
78.78	479.74	177-1089C-9-2,130-132			3.03	0.21	20.4	
78.83	479.94	177-1089C-9-2,135-137			3.10	0.27	24.3	
78.88	480.15	177-1089C-9-2,140-142			2.97	-0.14	16.6	
78.93	480.35	177-1089C-9-2,145-147	1.95	0.46	3.00	-0.04	26.8	
78.98	480.56	177-1089C-9-3,0-1.5			2.96	0.21	20.0	
79.03	480.77	177-1089C-9-3,5-6.5			3.04	0.15	11.6	
79.08	480.97	177-1089C-9-3,10-11.5			2.99	0.34	14.2	
79.13	481.18	177-1089C-9-3,15-16.5					14.7	
79.18	481.38	177-1089C-9-3,20-21.5	1.96	0.92	2.98	0.25	12.9	
79.23	481.59	177-1089C-9-3,25-26.5			3.00	0.53	14.8	
79.28	481.79	177-1089C-9-3,30-31.5	2.02	0.91	2.99	0.19	14.8	
79.33	482.00	177-1089C-9-3,35-36.5	1.97	0.78	2.98	0.69	18.9	
79.38	482.62	177-1089C-9-3,40-41.5	1.89	0.55	3.00	0.20	20.3	
79.43	483.24	177-1089C-9-3,45-46.5	1.71	0.25	3.16	0.22	17.1	
79.48	483.87	177-1089C-9-3,50-51.5			3.05	0.10	15.8	
79.53	484.49	177-1089C-9-3,55-56.5	1.98	0.49	3.06	0.15	17.4	
79.58	485.11	177-1089C-9-3,60-61.5			3.08	0.20	13.3	
79.63	485.73	177-1089C-9-3,65-66.5	1.99	0.06	3.11	-0.07	15.7	
79.68	486.36	177-1089C-9-3,70-71.5	1.85	0.12	3.12	0.27	15.8	
79.73	486.98	177-1089C-9-3,75-76.5			3.10	0.21	8.8	
79.78	487.60	177-1089C-9-3,80-81.5			3.12	0.27	12.3	
79.83	488.22	177-1089C-9-3,85-86.5			3.21	0.24	12.6	
79.88	488.84	177-1089C-9-3,90-91.5	1.88	0.48			13.8	
79.93	489.47	177-1089C-9-3,95-96.5	2.15	0.20	3.09	0.45	17.8	
79.98	490.09	177-1089C-9-3,100-102	2.12	0.65	3.14	0.28	19.8	
80.03	490.71	177-1089C-9-3,105-107			3.14	0.35	22.9	
80.08	491.33	177-1089C-9-3,110-112	1.97	0.61	3.07	0.33	25.4	
80.13	491.96	177-1089C-9-3,115-117	2.18	0.81	3.03	0.15	25.4	
80.18	492.58	177-1089C-9-3,120-122	2.00	0.15	3.05	0.24	23.1	
80.23	493.20	177-1089C-9-3,125-127	1.96	0.53	3.26	0.05	28.6	
80.28	493.82	177-1089C-9-3,130-132	2.18	0.80	3.25	-0.14	30.1	
80.33	494.44	177-1089C-9-3,135-137	2.17	0.41	3.14	0.20	32.3	
80.38	495.07	177-1089C-9-3,140-142	2.08	0.17	3.31	0.15	32.8	
80.43	495.69	177-1089C-9-3,145-147	1.86	0.09	3.32	-0.47	34.9	
80.48	496.31	177-1089C-9-4,0-1.5			3.25	-0.18	36.8	
80.53	496.93	177-1089C-9-4,5-6.5	2.19	0.32	3.25	0.04	36.3	
80.58	497.56	177-1089C-9-4,10-11.5	2.18	0.02	3.26	0.03	36.4	
80.63	498.18	177-1089C-9-4,15-16.5	2.35	0.67	3.27	0.20	37.9	
80.68	498.80	177-1089C-9-4,20-21.5	2.23	0.22	3.33	-0.11	34.5	
80.73	499.42	177-1089C-9-4,25-26.5	2.23	0.94	3.29	0.20	36.9	
80.78	500.04	177-1089C-9-4,30-31.5	2.20	0.45	3.37	0.26	33.2	
80.83	500.67	177-1089C-9-4,35-36.5	2.17	0.55	3.32	0.11	26.3	
80.88	501.29	177-1089C-9-4,40-41.5	2.14	-0.12	3.28	-0.12	22.5	
80.93	501.91	177-1089C-9-4,45-46.5	2.37	0.50	3.41	-0.34	28.9	
80.98	502.53	177-1089C-9-4,50-51.5			3.34	0.02	35.7	
81.03	503.16	177-1089C-9-4,55-56.5			3.33	0.46	38.2	
81.08	503.78	177-1089C-9-4,60-61.5	2.15	-0.02	3.42	-0.12	37.7	
81.13	504.40	177-1089C-9-4,65-66.5	2.51	0.54	3.46	0.08	32.8	
81.18	505.02	177-1089C-9-4,70-71.5			3.57	-0.26	30.8	
81.23	505.64	177-1089C-9-4,75-76.5	2.49	1.66	3.58	-0.15	26.7	
81.28	506.27	177-1089C-9-4,80-81.5			3.48	-0.40	32.3	
81.33	506.89	177-1089C-9-4,85-86.5	2.46	0.26	3.56	0.09	35.3	
81.38	507.51	177-1089C-9-4,90-91.5			3.58	0.15	35.7	
81.43	508.13	177-1089C-9-4,95-96.5	2.46	0.20	3.55	-0.03	33.9	
81.48	508.76	177-1089C-9-4,100-102	2.49	-0.03	3.54	0.14	35.8	
81.53	509.38	177-1089C-9-4,105-107					31.3	
81.58	510.00	177-1089C-9-4,110-112			3.63	0.40	32.2	
81.63	510.36	177-1089C-9-4,115-117			3.60	-0.09	31.2	
81.68	510.72	177-1089C-9-4,120-122	2.47	0.25	3.52	0.05	29.0	
81.73	511.08	177-1089C-9-4,125-127	2.47	0.38	3.64	0.65	32.7	
81.78	511.44	177-1089C-9-4,130-132			3.61	-0.02	32.8	
81.83	511.80	177-1089C-9-4,135-137			3.62	0.05	33.3	
81.88	512.16	177-1089C-9-4,140-142			3.54	-0.35	35.6	
81.93	512.52	177-1089C-9-4,145-147			3.54	0.07	34.8	
81.98	512.88	177-1089C-9-5,0-1.5	2.26	-0.04	3.55	0.09	37.5	
82.03	513.24	177-1089C-9-5,5-6.5	2.69	0.36	3.46	-0.07	36.4	
82.08	513.60	177-1089C-9-5,10-11.5			3.43	0.15	37.8	
82.13	513.96	177-1089C-9-5,15-16.5	2.35	0.63	3.43	-0.16	40.5	
82.18	514.32	177-1089C-9-5,20-21.5			3.43	-0.16	39.4	
82.23	514.68	177-1089C-9-5,25-26.5	2.21	0.88	3.44	0.11	43.3	
82.28	515.04	177-1089C-9-5,30-31.5	2.53	0.06	3.56	-0.12	41.3	
82.33	515.40	177-1089C-9-5,35-36.5	2.14	0.47	3.42	0.12	47.2	
82.38	515.76	177-1089C-9-5,40-41.5	2.10	0.68	3.44	0.51	50.7	
82.43	516.12	177-1089C-9-5,45-46.5	2.54	0.39	3.30	0.11	45.0	
82.48	516.48	177-1089C-9-5,50-51.5	2.22	0.04	3.39	0.23	47.5	
82.53	516.84	177-1089C-9-5,55-56.5	2.14	-0.12	3.42	0.24	48.3	
82.58	517.20	177-1089C-9-5,60-61.5			3.41	0.32	48.8	
82.63	517.56	177-1089C-9-5,65-66.5	2.33	-0.02	3.33	0.21	50.6	
82.68	517.92	177-1089C-9-5,70-71.5	2.01	0.14	3.42	0.13	53.8	
82.73	518.28	177-1089C-9-5,75-76.5	2.61	0.96			51.1	
82.78	518.64	177-1089C-9-5,80-81.5	2.60	0.90	3.38	-0.21	49.8	
82.83	519.00	177-1089C-9-5,85-86.5	2.55	0.52	3.32	-0.05	48.3	
82.88	519.36	177-1089C-9-5,90-91.5	2.13	0.69			53.8	
82.93	519.72	177-1089C-9-5,95-96.5	2.34	0.23	3.28	-0.14	51.7	
82.98	520.08	177-1089C-9-5,100-102			3.31	-0.19		
83.03	520.44	177-1089C-9-5,105-107			3.34	-0.55		
83.18	521.52	177-1089C-9-5,120-122					54.2	
83.23	521.88	177-1089C-9-5,125-127	2.14	0.15			50.7	
83.28	522.24	177-1089C-9-5,130-132	2.41	0.80	3.27	-0.33	51.2	
83.33	522.60	177-1089C-9-5,135-137	2.52	0.38	3.21	-0.46	48.9	
83.38	522.96	177-1089C-9-5,140-142	2.38	0.34	3.48	-0.79	50.6	
83.43	523.32	177-1089C-9-5,145-147	2.68	0.71	3.40	-0.49	57.4	
83.87	526.48	177-1089B-9-2,99-102			3.35	-0.35	62.1	
83.92	526.84	177-1089B-9-2,105-107	2.74	0.42	3.34	-0.10	62.6	
83.97	527.20	177-1089B-9-2,110-112	2.72	0.10	3.45	-0.15	60.3	
84.02	527.56	177-1089B-9-2,115-117	2.74	0.34	3.48	-0.32	57.3	
84.07	527.92	177-1089B-9-2,120-122	2.67	0.25	3.57	-0.53	55.0	
84.12	528.28	177-1089B-9-2,125-127			3.49	-0.69	50.1	
84.17	528.64	177-1089B-9-2,130-132	2.62	0.49	3.41	-0.92	44.4	
84.22	529.00	177-1089B-9-2,135-137	2.48	0.02	3.49	-0.74	38.6	
84.27	529.36	177-1089B-9-2,140-142	2.41	-0.61	3.70	-1.14	40.0	
84.32	529.72	177-1089B-9-2,145-147	2.38	-0.74	3.68	-1.37	35.2	
84.37	530.08	177-1089B-9-3,0-1.5	2.44	-0.92	3.68	-1.17	30.3	
84.42	530.44	177-1089B-9-3,5-6.5	2.36	-0.60	3.71	-0.97	32.8	
84.47	530.80	177-1089B-9-3,10-11.5	2.54	-0.49	3.75	-1.11	34.0	
84.52	531.16	177-1089B-9-3,15-16.5	2.45	-0.42	3.77	-1.59	31.5	
84.57	531.52	177-1089B-9-3,20-21.5	2.56	-0.40	3.83	-1.27	32.4	
84.62	531.88	177-1089B-9-3,25-26.5	2.63	-0.28	3.80	-0.65	36.1	
84.67	532.24	177-1089B-9-3,30-31.5	2.55	-0.83	3.93	-1.25	29.6	
84.72	532.60	177-1089B-9-3,35-36.5	2.71	-0.63	3.91	-0.57	24.4	
84.77	532.96	177-1089B-9-3,39-41.5	2.65	-0.56	3.80	-1.04	23.6	
84.82	533.32	177-1089B-9-3,45-46.5	2.55	-0.45	3.72	-1.31	27.9	
84.87	533.68	177-1089B-9-3,50-51.5	2.48	-0.54	3.89	-1.58	29.8	
84.92	534.04	177-1089B-9-3,55-56.5	2.53	-0.45	3.82	-1.54	32.4	
84.97	534.40	177-1089B-9-3,60-61.5	2.46	-0.58	3.87	-1.57	30.8	
85.02	534.76	177-1089B-9-3,65-66.5	2.60	-0.33	3.80	-1.45	35.3	
85.07	535.12	177-1089B-9-3,70-71.5	2.61	-0.70	3.72	-1.33	40.2	
85.12	535.48	177-1089B-9-3,75-77.5	2.56	-0.82	3.82	-1.18	45.5	
85.17	535.84	177-1089B-9-3,79-81.5	2.47	-0.49	3.83	-1.16	43.1	
85.22	536.20	177-1089B-9-3,85-86.5	2.56	-0.41	3.81	-0.78	45.1	
85.27	536.56	177-1089B-9-3,90-91.5	2.43	-0.67	3.78	-1.16	44.8	
85.32	536.92	177-1089B-9-3,95-96.5	2.55	-0.42	3.78	-1.13	44.0	
85.37	537.28	177-1089B-9-3,99-102	2.46	-0.65	3.75	-0.58	41.7	
85.42	537.64	177-1089B-9-3,105-107	2.33	-0.87	3.80	-1.23	44.9	
85.47	538.00	177-1089B-9-3,110-112	2.48	-0.64	3.76	-1.34	42.8	
85.52	538.31	177-1089B-9-3,115-117	2.60	-0.54	3.78	-1.25	41.2	
85.57	538.62	177-1089B-9-3,120-122	2.66	-0.43	3.78	-1.57	40.0	
85.62	538.93	177-1089B-9-3,125-127	2.60	-0.62	3.84	-0.95	38.3	
85.67	539.24	177-1089B-9-3,130-132	2.44	-0.66	3.86	-0.59	38.7	
85.72	539.56	177-1089B-9-3,135-137	2.29	-0.67	3.83	-1.06	38.1	
85.77	539.87	177-1089B-9-3,140-142	2.27	-0.70	3.77	-0.90	32.0	
85.82	540.18	177-1089B-9-3,145-147	2.31	-0.68	3.73	-1.57	32.0	
85.87	540.49	177-1089B-9-4,0-1.5	2.60	-0.64	3.79	-1.24	21.7	
85.92	540.80	177-1089B-9-4,5-6.5	2.26	-0.65	3.79	-1.06	11.8	
85.97	541.11	177-1089B-9-4,10-11.5	2.37	-0.45	3.74	-1.51	7.8	
86.02	541.42	177-1089B-9-4,15-16.5	2.30	-0.53	3.80	-1.38	11.0	
86.07	541.73	177-1089B-9-4,20-21.5	2.59	-0.47	3.75	-1.18	19.6	
86.12	542.04	177-1089B-9-4,25-26.5	2.54	-0.54	3.79	-1.39	19.4	
86.17	542.36	177-1089B-9-4,30-31.5	2.90	-0.41	3.78	-1.11	14.2	
86.22	542.67	177-1089B-9-4,35-36.5			3.71	-1.17	12.9	
86.27	542.98	177-1089B-9-4,39-41.5	2.66	-0.57	3.75	-1.18	14.0	
86.32	543.29	177-1089B-9-4,45-46.5	2.35	-0.65	3.73	-1.29	11.9	
86.37	543.60	177-1089B-9-4,50-51.5	2.47	-0.53	3.71	-0.45	11.2	
86.42	543.91	177-1089B-9-4,55-56.5	2.82	-0.06	3.77	-0.88	8.3	
86.47	544.22	177-1089B-9-4,60-61.5	2.42	-0.56	3.70	-1.17	10.2	
86.52	544.53	177-1089B-9-4,65-66.5	2.52	-0.30	3.70	-0.91	10.6	
86.57	544.84	177-1089B-9-4,69-71.5			3.68	-0.85	11.3	
86.62	545.16	177-1089B-9-4,75-77.5	2.28	-0.85	3.58	-0.76	12.3	
86.67	545.47	177-1089B-9-4,80-81.5	2.40	-0.30	3.63	-1.09	12.7	
86.72	545.78	177-1089B-9-4,85-86.5	2.57	-0.61	3.60	-0.98	12.4	
86.77	546.09	177-1089B-9-4,90-91.5	2.56	-0.28	3.72	-0.72	11.0	
86.82	546.40	177-1089B-9-4,95-96.5	2.40	-0.13	3.63	-0.85	10.3	
86.87	546.71	177-1089B-9-4,99-102			3.57	-0.90	10.6	
86.92	547.02	177-1089B-9-4,105-107	2.46	-0.37	3.59	-0.98	9.2	
86.97	547.33	177-1089B-9-4,110-112	2.69	0.14	3.81	-0.74	6.1	
87.02	547.64	177-1089B-9-4,115-117			3.50	-0.56	8.4	
87.07	547.96	177-1089B-9-4,120-122	2.38	-0.40	3.59	-0.64	5.4	
87.12	548.27	177-1089B-9-4,125-127	1.99	-0.45	3.56	-1.02	5.6	
87.17	548.58	177-1089B-9-4,130-132			3.78	-0.73	2.9	
87.22	548.89	177-1089B-9-4,135-137			3.68	-1.20	6.2	
87.27	549.20	177-1089B-9-4,140-142			3.52	-0.34	2.5	
87.32	549.51	177-1089B-9-4,145-147			3.50	-0.96	2.8	
87.37	549.82	177-1089B-9-5,0-1.5	2.33	-0.01	3.43	-0.93	9.6	
87.42	550.13	177-1089B-9-5,5-6.5	2.31	-0.33	3.55	-0.45	13.4	
87.47	550.44	177-1089B-9-5,10-11.5	2.39	-0.14	3.34	-0.61	17.7	
87.52	550.76	177-1089B-9-5,15-16.5			3.37	-0.52	11.0	
87.57	551.07	177-1089B-9-5,20-21.5			3.35	-0.55	4.1	
87.62	551.38	177-1089B-9-5,25-26.5	2.26	0.01	3.50	-0.87	0.9	
87.67	551.69	177-1089B-9-5,30-31.5	2.00	-0.39			5.2	
87.72	552.00	177-1089B-9-5,35-36.5	2.23	-0.45	3.40	-1.13	8.5	
87.77	552.59	177-1089B-9-5,40-41.5	2.17	-0.30	3.34	-0.45	7.9	
87.82	553.19	177-1089B-9-5,45-46.5	2.23	-0.20	3.43	-0.24	13.7	
87.87	553.78	177-1089B-9-5,50-51.5	2.31	-0.02	3.31	0.27	17.8	
87.92	554.38	177-1089B-9-5,55-56.5	2.41	0.11	3.22	-0.09	19.3	
87.97	554.97	177-1089B-9-5,60-61.5			3.23	-0.16	19.4	
88.02	555.57	177-1089B-9-5,65-66.5			3.21	-0.03	13.7	
88.07	556.16	177-1089B-9-5,70-71.5			3.19	-0.28	9.1	
88.12	556.76	177-1089B-9-5,75-77.5			3.36	-0.07	6.0	
88.17	557.35	177-1089B-9-5,80-81.5					0.0	
88.22	557.95	177-1089B-9-5,85-86.5					0.3	
88.27	558.54	177-1089B-9-5,90-91.5					0.3	
88.32	559.14	177-1089B-9-5,95-96.5					0.0	
88.37	559.73	177-1089B-9-5,99-102					0.0	
88.42	560.32	177-1089B-9-5,105-107					0.4	
88.47	560.92	177-1089B-9-5,110-112					0.4	
88.52	561.51	177-1089B-9-5,115-117					0.3	
88.57	562.11	177-1089B-9-5,120-122			3.37	0.11	1.3	
88.62	562.70	177-1089B-9-5,125-127			3.42	0.47	0.3	
88.67	563.30	177-1089B-9-5,130-132					0.3	
88.72	563.89	177-1089B-9-5,135-137					0.3	
88.77	564.49	177-1089B-9-5,140-142					0.0	
88.82	565.08	177-1089B-9-5,145-147					0.0	
88.87	565.68	177-1089B-9-6,0-1.5					0.0	
88.92	566.27	177-1089B-9-6,5-6.5					0.2	
88.97	566.86	177-1089B-9-6,10-11.5					0.3	
89.02	567.46	177-1089B-9-6,15-16.5					1.0	
89.07	568.05	177-1089B-9-6,20-21.5			2.94	0.16	1.5	
89.12	568.65	177-1089B-9-6,25-26.5			2.84	0.12	5.1	
89.17	569.24	177-1089B-9-6,30-31.5			3.03	-0.23	4.6	
89.22	569.84	177-1089B-9-6,35-36.5			2.82	0.19	7.1	
89.27	570.43	177-1089B-9-6,40-41.5			2.83	-0.17	8.4	
89.32	571.03	177-1089B-9-6,45-46.5			2.94	-0.09	10.1	
89.37	571.62	177-1089B-9-6,50-56.5					14.1	
89.42	572.22	177-1089B-9-6,55-56.5					13.3	
89.47	572.81	177-1089B-9-6,60-61.5			2.73	-0.13	14.7	
89.52	573.41	177-1089B-9-6,65-66.5			2.74	-0.18	16.3	
89.57	574.00	177-1089B-9-6,70-71.5					18.8	
89.64	575.91	177-1089C-10-2,55-56.5			3.24	0.23	16.0	
89.69	577.27	177-1089C-10-2,60-61.5			3.25	-0.68	12.5	
89.74	578.64	177-1089C-10-2,65-66.5			3.20	-0.35	11.3	
89.79	580.00	177-1089C-10-2,70-71.5			3.48	-0.31	9.8	
89.84	580.29	177-1089C-10-2,75-76.5			3.10	-0.29	11.3	
89.89	580.58	177-1089C-10-2,80-81.5			3.47	-0.10	3.1	
89.94	580.87	177-1089C-10-2,85-86.5					0.4	
89.99	581.17	177-1089C-10-2,90-91.5					1.1	
90.04	581.46	177-1089C-10-2,95-96.5					0.8	
90.09	581.75	177-1089C-10-2,100-102					0.4	
90.14	582.04	177-1089C-10-2,105-107					0.4	
90.19	582.33	177-1089C-10-2,110-112					0.4	
90.24	582.62	177-1089C-10-2,115-117					0.5	
90.29	582.92	177-1089C-10-2,120-122					0.8	
90.34	583.21	177-1089C-10-2,125-127					0.7	
90.39	583.50	177-1089C-10-2,130-132					0.4	
90.44	583.79	177-1089C-10-2,135-137					0.5	
90.49	584.08	177-1089C-10-2,140-142					0.9	
90.54	584.37	177-1089C-10-2,145-147					1.0	
90.59	584.67	177-1089C-10-2,149-150					1.2	
90.64	584.96	177-1089C-10-3,5-6.5					7.8	
90.67	585.13	177-1089C-10-3,8-9.5					0.8	
90.69	585.25	177-1089C-10-3,10-12					0.0	
90.74	585.54	177-1089C-10-3,15-17					0.0	
90.79	585.83	177-1089C-10-3,20-22					0.0	
90.84	586.12	177-1089C-10-3,25-27					0.0	
90.89	586.42	177-1089C-10-3,30-32					0.0	
90.94	586.71	177-1089C-10-3,35-37			3.08	-0.32	0.0	
90.99	587.00	177-1089C-10-3,40-42					0.0	
91.04	587.29	177-1089C-10-3,45-47					0.0	
91.09	587.58	177-1089C-10-3,50-52					0.0	
91.14	587.88	177-1089C-10-3,55-57					0.0	
91.19	588.17	177-1089C-10-3,60-62					0.0	
91.24	588.46	177-1089C-10-3,65-67					0.0	
91.29	588.75	177-1089C-10-3,70-72					0.3	
91.34	589.04	177-1089C-10-3,75-77					0.3	
91.39	589.33	177-1089C-10-3,80-82					0.9	
91.44	589.63	177-1089C-10-3,85-87					0.0	
91.49	589.92	177-1089C-10-3,90-92					0.0	
91.54	590.21	177-1089C-10-3,95-97					0.0	
91.59	590.50	177-1089C-10-3,100-102			3.38	-0.36	0.2	
91.64	590.79	177-1089C-10-3,105-107					1.4	
91.69	591.08	177-1089C-10-3,110-112			3.00	-0.09	1.8	
91.74	591.38	177-1089C-10-3,115-117					2.6	
91.79	591.67	177-1089C-10-3,120-122			3.10	-0.09	2.6	
91.84	591.96	177-1089C-10-3,125-127			2.79	0.08	8.9	
91.89	592.25	177-1089C-10-3,130-132			2.85	-0.19	9.3	
91.94	592.54	177-1089C-10-3,135-137			2.93	-0.31	7.8	
91.99	592.83	177-1089C-10-3,140-142			2.82	-0.50	8.1	
92.04	593.13	177-1089C-10-3,145-147			2.81	0.26	13.6	
92.09	593.42	177-1089C-10-4,0-0					22.6	
92.14	593.71	177-1089C-10-4,5-7			2.64	-0.38	22.2	
92.19	594.00	177-1089C-10-4,10-12			2.72	-0.27	21.3	
92.24	594.40	177-1089C-10-4,15-17			2.60	-0.39	22.1	
92.29	594.80	177-1089C-10-4,20-22					21.7	
92.34	595.20	177-1089C-10-4,25-27			2.56	-1.15	21.8	
92.39	595.60	177-1089C-10-4,30-32					21.6	
92.44	596.00	177-1089C-10-4,35-37			2.74	0.02	21.8	
92.49	596.40	177-1089C-10-4,40-42			3.30	-0.82	11.8	
92.54	596.80	177-1089C-10-4,45-47			2.93	-0.38	10.6	
92.59	597.20	177-1089C-10-4,50-52			3.17	-1.16	12.1	
92.64	597.60	177-1089C-10-4,55-57					22.2	
92.69	598.00	177-1089C-10-4,60-62			2.74	-0.32	18.9	
92.74	598.40	177-1089C-10-4,65-67			2.80	-0.31	13.9	
92.79	598.80	177-1089C-10-4,70-72			3.21	-1.07	11.9	
92.84	599.20	177-1089C-10-4,75-77			2.72	-0.11	10.1	
92.89	599.60	177-1089C-10-4,80-82			3.41	-0.91	10.2	
92.94	600.00	177-1089C-10-4,85-87			3.58	-0.80	9.1	
92.99	600.40	177-1089C-10-4,90-92					11.2	
93.04	600.80	177-1089C-10-4,95-97			3.60	-0.45	11.4	
93.09	601.20	177-1089C-10-4,100-102			3.54	-0.73	8.6	
93.14	601.60	177-1089C-10-4,105-107			3.56	-0.65	8.3	
93.19	602.00	177-1089C-10-4,110-112			3.53	-0.12	4.7	
93.24	602.40	177-1089C-10-4,115-117			3.54	-0.70	6.9	
93.29	602.80	177-1089C-10-4,120-122			3.48	-0.31	5.4	
93.34	603.20	177-1089C-10-4,125-127			3.69	-0.58	7.6	
93.39	603.60	177-1089C-10-4,130-132					6.5	
93.44	604.00	177-1089C-10-4,135-137			3.58	-0.99	6.1	
93.49	604.36	177-1089C-10-4,140-142					8.8	
93.54	604.71	177-1089C-10-4,145-147			3.50	-0.83	14.5	
93.59	605.07	177-1089C-10-5,0-2			3.53	-0.43	19.5	
93.64	605.43	177-1089C-10-5,5-7			3.52	0.06	16.1	
93.69	605.79	177-1089C-10-5,10-12			3.39	-0.78	15.3	
93.74	606.14	177-1089C-10-5,15-17			3.38	-0.61	16.8	
93.79	606.50	177-1089C-10-5,20-22			3.42	-0.37	17.8	
93.84	606.86	177-1089C-10-5,25-27			3.34	-0.49	18.8	
93.89	607.21	177-1089C-10-5,30-32			3.35	-0.57	16.8	
93.94	607.57	177-1089C-10-5,35-37			3.34	-0.61	17.6	
93.99	607.93	177-1089C-10-5,40-42			3.38	-0.73	16.8	
94.04	608.29	177-1089C-10-5,45-47			3.36	-0.52	17.4	
94.09	608.64	177-1089C-10-5,50-52			3.35	-0.52	17.8	
94.14	609.00	177-1089C-10-5,55-57			3.39	-0.29	15.7	
94.19	609.36	177-1089C-10-5,60-62			3.39	-0.85	18.8	
94.24	609.71	177-1089C-10-5,65-67			3.36	-0.20	17.0	
94.29	610.07	177-1089C-10-5,70-72			3.36	-0.34	15.9	
94.34	610.43	177-1089C-10-5,75-77			3.37	-0.93	16.3	
94.39	610.79	177-1089C-10-5,80-82			3.06	-0.49	15.7	
94.44	611.14	177-1089C-10-5,85-87			3.31	-0.20	16.8	
94.49	611.50	177-1089C-10-5,90-92			3.36	-0.40	15.3	
94.54	611.86	177-1089C-10-5,95-97			3.31	-0.32	17.3	
94.59	612.21	177-1089C-10-5,100-102			3.33	-0.45	17.9	
94.64	612.57	177-1089C-10-5,105-107			3.24	-0.40	17.0	
94.69	612.93	177-1089C-10-5,110-112			3.34	-0.29	17.4	
94.74	613.29	177-1089C-10-5,115-117			3.34	-0.57	19.8	
94.79	613.64	177-1089C-10-5,120-122			3.37	-0.85	5.9	
94.84	614.00	177-1089C-10-5,125-127			3.24	-0.74	9.0	
94.89	614.36	177-1089C-10-5,130-132			3.33	-0.23	13.0	
94.94	614.71	177-1089C-10-5,135-137			3.32	0.05	9.4	
